1769790852	2402	/Users/patch/lake_deploy/docs/architecture/base44_app_architecture.md
1769790725	125546	/Users/patch/lake_deploy/apps/mac-mountain-insights-console/src/pages/MACAppEngine.jsx
1769790725	311	/Users/patch/lake_deploy/apps/mac-mountain-insights-console/src/api/base44Client.js
1769779577	1232	/Users/patch/lake_deploy/docs/architecture/base44_rebuild_guide.md
1769779395	573	/Users/patch/vetro/lake_deploy_intake/exports_inbox/base44_exports_2026-01-30/README.md
1769750469	15029	/Users/patch/lake_deploy/docs/reference/base44_architecture_export_2026-01-27.md
1769750463	6376	/Users/patch/lake_deploy/docs/reference/vetro_base44_runbook.md
1769750458	1324	/Users/patch/lake_deploy/docs/reference/base44_structured_response.md
1769750458	1791	/Users/patch/lake_deploy/docs/reference/base44_pipeline_update.md
1769750373	1307	/Users/patch/lake_deploy/docs/integrations/base44_monday.md
1769745857	1791	/Users/patch/vetro/lake_deploy_intake/source_exports/lake_deploy_rebuild_intake_2026-01-30_v7/BASE44_PIPELINE_UPDATE.md
1769745857	10307	/Users/patch/vetro/lake_deploy_intake/source_exports/lake_deploy_rebuild_intake_2026-01-30_v7/REBUILD_GUIDE_base44.md
1769745131	1327	/Users/patch/vetro/lake_deploy_intake/source_exports/base44_pipeline_update_2026-01-27.md
1769743999	1791	/Users/patch/vetro/lake_deploy_intake/source_exports/BASE44_PIPELINE_UPDATE.md
1769743999	1324	/Users/patch/vetro/lake_deploy_intake/source_exports/BASE44_STRUCTURED_RESPONSE.md
1769743999	6397	/Users/patch/vetro/lake_deploy_intake/source_exports/VETRO_BASE44_RUNBOOK_2026-01-28.md
1769743999	3305	/Users/patch/vetro/lake_deploy_intake/source_exports/base44_project_pipeline_mapping.json
1769743904	1327	/Users/patch/vetro/lake_deploy_intake/source_exports/base44_updates/BASE44_PIPELINE_UPDATE.md
1769743899	21657	/Users/patch/vetro/lake_deploy_intake/source_exports/base44_exports/mac_full_export_1769521214820.json
1769743899	24047	/Users/patch/vetro/lake_deploy_intake/source_exports/base44_exports/rebuild_package.json
1769743899	10307	/Users/patch/vetro/lake_deploy_intake/source_exports/base44_exports/REBUILD_GUIDE.md
1769743899	18311	/Users/patch/vetro/lake_deploy_intake/source_exports/base44_exports/mac_comprehensive_audit_1769521199212.json
1769743899	15029	/Users/patch/vetro/lake_deploy_intake/source_exports/base44_exports/architecture_export_2026-01-27.md
1769743763	3305	/Users/patch/vetro/lake_deploy_intake/source_exports/mappings/base44_project_pipeline_mapping.json
1769743752	24047	/Users/patch/vetro/lake_deploy_intake/source_exports/base44_exports_lake_deploy_repo/rebuild_package.json
1769743752	21657	/Users/patch/vetro/lake_deploy_intake/source_exports/base44_exports_lake_deploy_repo/mac_full_export_1769521214820.json
1769743752	18311	/Users/patch/vetro/lake_deploy_intake/source_exports/base44_exports_lake_deploy_repo/mac_comprehensive_audit_1769521199212.json
1769743752	15029	/Users/patch/vetro/lake_deploy_intake/source_exports/base44_exports_lake_deploy_repo/architecture_export_2026-01-27.md
1769743752	10307	/Users/patch/vetro/lake_deploy_intake/source_exports/base44_exports_lake_deploy_repo/REBUILD_GUIDE.md
1769743748	24047	/Users/patch/vetro/lake_deploy_intake/source_exports/base44_exports_lake_deploy/rebuild_package.json
1769743748	21657	/Users/patch/vetro/lake_deploy_intake/source_exports/base44_exports_lake_deploy/mac_full_export_1769521214820.json
1769743748	18311	/Users/patch/vetro/lake_deploy_intake/source_exports/base44_exports_lake_deploy/mac_comprehensive_audit_1769521199212.json
1769743748	15029	/Users/patch/vetro/lake_deploy_intake/source_exports/base44_exports_lake_deploy/architecture_export_2026-01-27.md
1769743748	10307	/Users/patch/vetro/lake_deploy_intake/source_exports/base44_exports_lake_deploy/REBUILD_GUIDE.md
1766507574	68456	/Users/patch/vetro/lake_deploy_intake/source_exports/downloads_scan_2026-01-30/Base44 build schema.docx