batch_folder,file_name,file_path,file_size_bytes,plan_name_raw,plan_id_candidate
vetro_manual_batch1_2026-01-30,1013-meadow-pond-rd-plan--Qm_wFMOITJ4UKtfh-OL6.zip,/Users/patch/vetro/lake_deploy_intake/source_exports/vetro_manual_batch1_2026-01-30/1013-meadow-pond-rd-plan--Qm_wFMOITJ4UKtfh-OL6.zip,1724,1013-meadow-pond-rd-plan--Qm_wFMOITJ4UKtfh-OL6,meadow-pond-rd-plan--Qm_wFMOITJ4UKtfh-OL6
vetro_manual_batch1_2026-01-30,1047-main-rd-plan-n_KCmXlz5zH0kOB-2Rx6c.zip,/Users/patch/vetro/lake_deploy_intake/source_exports/vetro_manual_batch1_2026-01-30/1047-main-rd-plan-n_KCmXlz5zH0kOB-2Rx6c.zip,874,1047-main-rd-plan-n_KCmXlz5zH0kOB-2Rx6c,main-rd-plan-n_KCmXlz5zH0kOB-2Rx6c
vetro_manual_batch1_2026-01-30,107-abrams-mountain-rd-plan-aUWW9B_acNqcLGggIFJdh.zip,/Users/patch/vetro/lake_deploy_intake/source_exports/vetro_manual_batch1_2026-01-30/107-abrams-mountain-rd-plan-aUWW9B_acNqcLGggIFJdh.zip,820,107-abrams-mountain-rd-plan-aUWW9B_acNqcLGggIFJdh,abrams-mountain-rd-plan-aUWW9B_acNqcLGggIFJdh
vetro_manual_batch1_2026-01-30,126-tehan-rd-plan-TTyVLHKv2JkaVMNzmBu8x.zip,/Users/patch/vetro/lake_deploy_intake/source_exports/vetro_manual_batch1_2026-01-30/126-tehan-rd-plan-TTyVLHKv2JkaVMNzmBu8x.zip,1730,126-tehan-rd-plan-TTyVLHKv2JkaVMNzmBu8x,tehan-rd-plan-TTyVLHKv2JkaVMNzmBu8x
vetro_manual_batch1_2026-01-30,150-bluff-rd-plan-LOFgJLOWAoQ5XjroHLdvL.zip,/Users/patch/vetro/lake_deploy_intake/source_exports/vetro_manual_batch1_2026-01-30/150-bluff-rd-plan-LOFgJLOWAoQ5XjroHLdvL.zip,1735,150-bluff-rd-plan-LOFgJLOWAoQ5XjroHLdvL,bluff-rd-plan-LOFgJLOWAoQ5XjroHLdvL
vetro_manual_batch1_2026-01-30,160-west-bay-rd-plan-a-sJx60EoSmR3FLGozi3A.zip,/Users/patch/vetro/lake_deploy_intake/source_exports/vetro_manual_batch1_2026-01-30/160-west-bay-rd-plan-a-sJx60EoSmR3FLGozi3A.zip,1752,160-west-bay-rd-plan-a-sJx60EoSmR3FLGozi3A,west-bay-rd-plan-a-sJx60EoSmR3FLGozi3A
vetro_manual_batch1_2026-01-30,300-main-rd-garage-plan-TJr4DrZdOFW0Kw6RaFleD.zip,/Users/patch/vetro/lake_deploy_intake/source_exports/vetro_manual_batch1_2026-01-30/300-main-rd-garage-plan-TJr4DrZdOFW0Kw6RaFleD.zip,1761,300-main-rd-garage-plan-TJr4DrZdOFW0Kw6RaFleD,main-rd-garage-plan-TJr4DrZdOFW0Kw6RaFleD
vetro_manual_batch1_2026-01-30,512-ferry-rd-plan-thaKGqegPS5G5GF4cgYF-.zip,/Users/patch/vetro/lake_deploy_intake/source_exports/vetro_manual_batch1_2026-01-30/512-ferry-rd-plan-thaKGqegPS5G5GF4cgYF-.zip,817,512-ferry-rd-plan-thaKGqegPS5G5GF4cgYF-,ferry-rd-plan-thaKGqegPS5G5GF4cgYF-
vetro_manual_batch1_2026-01-30,buckfield-re-connect-locations-plan-EZEJRedmqY7WjZ9mNNio4.zip,/Users/patch/vetro/lake_deploy_intake/source_exports/vetro_manual_batch1_2026-01-30/buckfield-re-connect-locations-plan-EZEJRedmqY7WjZ9mNNio4.zip,1629,buckfield-re-connect-locations-plan-EZEJRedmqY7WjZ9mNNio4,re-connect-locations-plan-EZEJRedmqY7WjZ9mNNio4
vetro_manual_batch1_2026-01-30,camden-fttx-option-1-plan-bXhG9XQ8Ig4vpd0QYwwEg.zip,/Users/patch/vetro/lake_deploy_intake/source_exports/vetro_manual_batch1_2026-01-30/camden-fttx-option-1-plan-bXhG9XQ8Ig4vpd0QYwwEg.zip,812,camden-fttx-option-1-plan-bXhG9XQ8Ig4vpd0QYwwEg,fttx-option-1-plan-bXhG9XQ8Ig4vpd0QYwwEg
vetro_manual_batch1_2026-01-30,camden-fttx-option-2-plan-K7tXmehIecOBu1U-JArQb.zip,/Users/patch/vetro/lake_deploy_intake/source_exports/vetro_manual_batch1_2026-01-30/camden-fttx-option-2-plan-K7tXmehIecOBu1U-JArQb.zip,802,camden-fttx-option-2-plan-K7tXmehIecOBu1U-JArQb,fttx-option-2-plan-K7tXmehIecOBu1U-JArQb
vetro_manual_batch1_2026-01-30,canton-re-connect-locations-plan-8k49jZ2YPMXaPZG7T_9MP.zip,/Users/patch/vetro/lake_deploy_intake/source_exports/vetro_manual_batch1_2026-01-30/canton-re-connect-locations-plan-8k49jZ2YPMXaPZG7T_9MP.zip,1101,canton-re-connect-locations-plan-8k49jZ2YPMXaPZG7T_9MP,re-connect-locations-plan-8k49jZ2YPMXaPZG7T_9MP
vetro_manual_batch1_2026-01-30,cumberland-pine-lane-fttx-plan-36hPSuB1p-HAs0tHcKnfn.zip,/Users/patch/vetro/lake_deploy_intake/source_exports/vetro_manual_batch1_2026-01-30/cumberland-pine-lane-fttx-plan-36hPSuB1p-HAs0tHcKnfn.zip,4128,cumberland-pine-lane-fttx-plan-36hPSuB1p-HAs0tHcKnfn,pine-lane-fttx-plan-36hPSuB1p-HAs0tHcKnfn
vetro_manual_batch1_2026-01-30,deer-isles-re-connect-v-2-plan-m2YI-uVh8Ms0lwftcsP_V.zip,/Users/patch/vetro/lake_deploy_intake/source_exports/vetro_manual_batch1_2026-01-30/deer-isles-re-connect-v-2-plan-m2YI-uVh8Ms0lwftcsP_V.zip,988,deer-isles-re-connect-v-2-plan-m2YI-uVh8Ms0lwftcsP_V,isles-re-connect-v-2-plan-m2YI-uVh8Ms0lwftcsP_V
vetro_manual_batch1_2026-01-30,hartford-re-connect-locations-plan-j8wzOnzFcC0PlBpadGtzS.zip,/Users/patch/vetro/lake_deploy_intake/source_exports/vetro_manual_batch1_2026-01-30/hartford-re-connect-locations-plan-j8wzOnzFcC0PlBpadGtzS.zip,1208,hartford-re-connect-locations-plan-j8wzOnzFcC0PlBpadGtzS,re-connect-locations-plan-j8wzOnzFcC0PlBpadGtzS
vetro_manual_batch1_2026-01-30,initial-rockport-fttx-network-plan-G0f6e_R-qNiafJIp58LUI.zip,/Users/patch/vetro/lake_deploy_intake/source_exports/vetro_manual_batch1_2026-01-30/initial-rockport-fttx-network-plan-G0f6e_R-qNiafJIp58LUI.zip,25783,initial-rockport-fttx-network-plan-G0f6e_R-qNiafJIp58LUI,rockport-fttx-network-plan-G0f6e_R-qNiafJIp58LUI
vetro_manual_batch1_2026-01-30,islesboro-municipal-broadband-imb-plan-u6dnXfTt4XIN8Mr4_Gnp6.zip,/Users/patch/vetro/lake_deploy_intake/source_exports/vetro_manual_batch1_2026-01-30/islesboro-municipal-broadband-imb-plan-u6dnXfTt4XIN8Mr4_Gnp6.zip,329499,islesboro-municipal-broadband-imb-plan-u6dnXfTt4XIN8Mr4_Gnp6,municipal-broadband-imb-plan-u6dnXfTt4XIN8Mr4_Gnp6
vetro_manual_batch1_2026-01-30,madrid-re-connect-locations-plan-KTlrbKBevD3gz8kL5E5Hr.zip,/Users/patch/vetro/lake_deploy_intake/source_exports/vetro_manual_batch1_2026-01-30/madrid-re-connect-locations-plan-KTlrbKBevD3gz8kL5E5Hr.zip,799,madrid-re-connect-locations-plan-KTlrbKBevD3gz8kL5E5Hr,re-connect-locations-plan-KTlrbKBevD3gz8kL5E5Hr
vetro_manual_batch1_2026-01-30,phillips-re-connect-locations-plan-12O_b1V5dYC_5cq_iXz1j.zip,/Users/patch/vetro/lake_deploy_intake/source_exports/vetro_manual_batch1_2026-01-30/phillips-re-connect-locations-plan-12O_b1V5dYC_5cq_iXz1j.zip,864,phillips-re-connect-locations-plan-12O_b1V5dYC_5cq_iXz1j,re-connect-locations-plan-12O_b1V5dYC_5cq_iXz1j
vetro_manual_batch1_2026-01-30,rockport-gwi-network-plan-mB27qbbElaHgDz5HKSgak.zip,/Users/patch/vetro/lake_deploy_intake/source_exports/vetro_manual_batch1_2026-01-30/rockport-gwi-network-plan-mB27qbbElaHgDz5HKSgak.zip,22764,rockport-gwi-network-plan-mB27qbbElaHgDz5HKSgak,gwi-network-plan-mB27qbbElaHgDz5HKSgak
vetro_manual_batch1_2026-01-30,somerville-re-connect-locations-plan-VhOwcRezYtgIMlqEuGS5u.zip,/Users/patch/vetro/lake_deploy_intake/source_exports/vetro_manual_batch1_2026-01-30/somerville-re-connect-locations-plan-VhOwcRezYtgIMlqEuGS5u.zip,851,somerville-re-connect-locations-plan-VhOwcRezYtgIMlqEuGS5u,re-connect-locations-plan-VhOwcRezYtgIMlqEuGS5u
vetro_manual_batch1_2026-01-30,strong-re-connect-locations-plan-hh9gBmPcmMnSk8aUUM682.zip,/Users/patch/vetro/lake_deploy_intake/source_exports/vetro_manual_batch1_2026-01-30/strong-re-connect-locations-plan-hh9gBmPcmMnSk8aUUM682.zip,888,strong-re-connect-locations-plan-hh9gBmPcmMnSk8aUUM682,re-connect-locations-plan-hh9gBmPcmMnSk8aUUM682
vetro_manual_batch1_2026-01-30,sumner-full-town-fttx-plan-re6Ns2NjLzQRkBcndp1Ax.zip,/Users/patch/vetro/lake_deploy_intake/source_exports/vetro_manual_batch1_2026-01-30/sumner-full-town-fttx-plan-re6Ns2NjLzQRkBcndp1Ax.zip,5717,sumner-full-town-fttx-plan-re6Ns2NjLzQRkBcndp1Ax,full-town-fttx-plan-re6Ns2NjLzQRkBcndp1Ax
vetro_manual_batch1_2026-01-30,sumner-re-connect-locations-plan-s-riHNXDCNdoaW59RybHp.zip,/Users/patch/vetro/lake_deploy_intake/source_exports/vetro_manual_batch1_2026-01-30/sumner-re-connect-locations-plan-s-riHNXDCNdoaW59RybHp.zip,1074,sumner-re-connect-locations-plan-s-riHNXDCNdoaW59RybHp,re-connect-locations-plan-s-riHNXDCNdoaW59RybHp
vetro_manual_batch1_2026-01-30,whitefield-re-connect-v-2-plan--4EzMxg8kLXbdFy8379ZV.zip,/Users/patch/vetro/lake_deploy_intake/source_exports/vetro_manual_batch1_2026-01-30/whitefield-re-connect-v-2-plan--4EzMxg8kLXbdFy8379ZV.zip,1019,whitefield-re-connect-v-2-plan--4EzMxg8kLXbdFy8379ZV,re-connect-v-2-plan--4EzMxg8kLXbdFy8379ZV
vetro_manual_batch2_2026-01-30,arundel-large-scale-hood-plan-jwlSdgJnXxrZRlMA7jWvH.zip,/Users/patch/vetro/lake_deploy_intake/source_exports/vetro_manual_batch2_2026-01-30/arundel-large-scale-hood-plan-jwlSdgJnXxrZRlMA7jWvH.zip,789,arundel-large-scale-hood-plan-jwlSdgJnXxrZRlMA7jWvH,large-scale-hood-plan-jwlSdgJnXxrZRlMA7jWvH
vetro_manual_batch2_2026-01-30,auburn-large-scale-hood-plan-L_pOxBbeCC_HyeSUCnsaA.zip,/Users/patch/vetro/lake_deploy_intake/source_exports/vetro_manual_batch2_2026-01-30/auburn-large-scale-hood-plan-L_pOxBbeCC_HyeSUCnsaA.zip,1036,auburn-large-scale-hood-plan-L_pOxBbeCC_HyeSUCnsaA,large-scale-hood-plan-L_pOxBbeCC_HyeSUCnsaA
vetro_manual_batch2_2026-01-30,belfast-opp-zone-plan-Ipjipla98R1-lpFH10yYM.zip,/Users/patch/vetro/lake_deploy_intake/source_exports/vetro_manual_batch2_2026-01-30/belfast-opp-zone-plan-Ipjipla98R1-lpFH10yYM.zip,844,belfast-opp-zone-plan-Ipjipla98R1-lpFH10yYM,opp-zone-plan-Ipjipla98R1-lpFH10yYM
vetro_manual_batch2_2026-01-30,belfast-oz-route-1-and-downtown-plan-GjSuOL7xpA5rW-2GwWZLP.zip,/Users/patch/vetro/lake_deploy_intake/source_exports/vetro_manual_batch2_2026-01-30/belfast-oz-route-1-and-downtown-plan-GjSuOL7xpA5rW-2GwWZLP.zip,1074,belfast-oz-route-1-and-downtown-plan-GjSuOL7xpA5rW-2GwWZLP,oz-route-1-and-downtown-plan-GjSuOL7xpA5rW-2GwWZLP
vetro_manual_batch2_2026-01-30,biddeford-large-scale-hood-plan-YGFCRbPaxWpWolDkUpCR-.zip,/Users/patch/vetro/lake_deploy_intake/source_exports/vetro_manual_batch2_2026-01-30/biddeford-large-scale-hood-plan-YGFCRbPaxWpWolDkUpCR-.zip,1084,biddeford-large-scale-hood-plan-YGFCRbPaxWpWolDkUpCR-,large-scale-hood-plan-YGFCRbPaxWpWolDkUpCR-
vetro_manual_batch2_2026-01-30,brunswick-large-scale-hood-plan-Kbud-RMOInRR_8Iy_rkdt.zip,/Users/patch/vetro/lake_deploy_intake/source_exports/vetro_manual_batch2_2026-01-30/brunswick-large-scale-hood-plan-Kbud-RMOInRR_8Iy_rkdt.zip,945,brunswick-large-scale-hood-plan-Kbud-RMOInRR_8Iy_rkdt,large-scale-hood-plan-Kbud-RMOInRR_8Iy_rkdt
vetro_manual_batch2_2026-01-30,brunswick-opp-zone-plan-UIELpi6iWQ5b4qub4D412.zip,/Users/patch/vetro/lake_deploy_intake/source_exports/vetro_manual_batch2_2026-01-30/brunswick-opp-zone-plan-UIELpi6iWQ5b4qub4D412.zip,1053,brunswick-opp-zone-plan-UIELpi6iWQ5b4qub4D412,opp-zone-plan-UIELpi6iWQ5b4qub4D412
vetro_manual_batch2_2026-01-30,brunswick-oz-old-bath-rd-plan-Dss6QvPZgN2a5DwyWRZFv.zip,/Users/patch/vetro/lake_deploy_intake/source_exports/vetro_manual_batch2_2026-01-30/brunswick-oz-old-bath-rd-plan-Dss6QvPZgN2a5DwyWRZFv.zip,906,brunswick-oz-old-bath-rd-plan-Dss6QvPZgN2a5DwyWRZFv,oz-old-bath-rd-plan-Dss6QvPZgN2a5DwyWRZFv
vetro_manual_batch2_2026-01-30,brunswick-oz-wildwood-plan-tYjdHtkOc-OZgQcNldXZt.zip,/Users/patch/vetro/lake_deploy_intake/source_exports/vetro_manual_batch2_2026-01-30/brunswick-oz-wildwood-plan-tYjdHtkOc-OZgQcNldXZt.zip,753,brunswick-oz-wildwood-plan-tYjdHtkOc-OZgQcNldXZt,oz-wildwood-plan-tYjdHtkOc-OZgQcNldXZt
vetro_manual_batch2_2026-01-30,canaan-rus-hood-plan-sxLCy-w--m0rkSikkzbBj.zip,/Users/patch/vetro/lake_deploy_intake/source_exports/vetro_manual_batch2_2026-01-30/canaan-rus-hood-plan-sxLCy-w--m0rkSikkzbBj.zip,943,canaan-rus-hood-plan-sxLCy-w--m0rkSikkzbBj,rus-hood-plan-sxLCy-w--m0rkSikkzbBj
vetro_manual_batch2_2026-01-30,casco-rus-hood-plan-yXPecVDFZHqAEmhkw5y5B.zip,/Users/patch/vetro/lake_deploy_intake/source_exports/vetro_manual_batch2_2026-01-30/casco-rus-hood-plan-yXPecVDFZHqAEmhkw5y5B.zip,968,casco-rus-hood-plan-yXPecVDFZHqAEmhkw5y5B,rus-hood-plan-yXPecVDFZHqAEmhkw5y5B
vetro_manual_batch2_2026-01-30,chesterville-rus-hood-plan-8BVvxgGYCWh06y8Qm8lRK.zip,/Users/patch/vetro/lake_deploy_intake/source_exports/vetro_manual_batch2_2026-01-30/chesterville-rus-hood-plan-8BVvxgGYCWh06y8Qm8lRK.zip,786,chesterville-rus-hood-plan-8BVvxgGYCWh06y8Qm8lRK,rus-hood-plan-8BVvxgGYCWh06y8Qm8lRK
vetro_manual_batch2_2026-01-30,cumberland-large-scale-hood-plan-8P9QtLobXwHJf_IC400iM.zip,/Users/patch/vetro/lake_deploy_intake/source_exports/vetro_manual_batch2_2026-01-30/cumberland-large-scale-hood-plan-8P9QtLobXwHJf_IC400iM.zip,832,cumberland-large-scale-hood-plan-8P9QtLobXwHJf_IC400iM,large-scale-hood-plan-8P9QtLobXwHJf_IC400iM
vetro_manual_batch2_2026-01-30,deer-isle-all-premises-plan-a3aO3HhrS85pSvGMAGnrJ.zip,/Users/patch/vetro/lake_deploy_intake/source_exports/vetro_manual_batch2_2026-01-30/deer-isle-all-premises-plan-a3aO3HhrS85pSvGMAGnrJ.zip,841,deer-isle-all-premises-plan-a3aO3HhrS85pSvGMAGnrJ,isle-all-premises-plan-a3aO3HhrS85pSvGMAGnrJ
vetro_manual_batch2_2026-01-30,deer-isle-fttx-backbone-plan-_unCn6WKSAQCPyNafpWvQ.zip,/Users/patch/vetro/lake_deploy_intake/source_exports/vetro_manual_batch2_2026-01-30/deer-isle-fttx-backbone-plan-_unCn6WKSAQCPyNafpWvQ.zip,999,deer-isle-fttx-backbone-plan-_unCn6WKSAQCPyNafpWvQ,isle-fttx-backbone-plan-_unCn6WKSAQCPyNafpWvQ
vetro_manual_batch2_2026-01-30,dixfield-rus-hood-plan-YdikujV-XWkJUOVWiHRJX.zip,/Users/patch/vetro/lake_deploy_intake/source_exports/vetro_manual_batch2_2026-01-30/dixfield-rus-hood-plan-YdikujV-XWkJUOVWiHRJX.zip,790,dixfield-rus-hood-plan-YdikujV-XWkJUOVWiHRJX,rus-hood-plan-YdikujV-XWkJUOVWiHRJX
vetro_manual_batch2_2026-01-30,falmouth-large-scale-hood-plan-zK56o8TPoKK6GNu7w4juG.zip,/Users/patch/vetro/lake_deploy_intake/source_exports/vetro_manual_batch2_2026-01-30/falmouth-large-scale-hood-plan-zK56o8TPoKK6GNu7w4juG.zip,916,falmouth-large-scale-hood-plan-zK56o8TPoKK6GNu7w4juG,large-scale-hood-plan-zK56o8TPoKK6GNu7w4juG
vetro_manual_batch2_2026-01-30,farmington-rus-hood-plan-Wiv3pFrUmCJNaN2P6oYkX.zip,/Users/patch/vetro/lake_deploy_intake/source_exports/vetro_manual_batch2_2026-01-30/farmington-rus-hood-plan-Wiv3pFrUmCJNaN2P6oYkX.zip,768,farmington-rus-hood-plan-Wiv3pFrUmCJNaN2P6oYkX,rus-hood-plan-Wiv3pFrUmCJNaN2P6oYkX
vetro_manual_batch2_2026-01-30,freeport-large-scale-hood-plan-8kXFjxcpgatbqwpJgS4XE.zip,/Users/patch/vetro/lake_deploy_intake/source_exports/vetro_manual_batch2_2026-01-30/freeport-large-scale-hood-plan-8kXFjxcpgatbqwpJgS4XE.zip,888,freeport-large-scale-hood-plan-8kXFjxcpgatbqwpJgS4XE,large-scale-hood-plan-8kXFjxcpgatbqwpJgS4XE
vetro_manual_batch2_2026-01-30,gorham-large-scale-hood-plan-6i4anOwPfJauA0DlSc9TJ.zip,/Users/patch/vetro/lake_deploy_intake/source_exports/vetro_manual_batch2_2026-01-30/gorham-large-scale-hood-plan-6i4anOwPfJauA0DlSc9TJ.zip,793,gorham-large-scale-hood-plan-6i4anOwPfJauA0DlSc9TJ,large-scale-hood-plan-6i4anOwPfJauA0DlSc9TJ
vetro_manual_batch2_2026-01-30,hebron-re-connect-locations-plan-Tz1nJBDR7UaQVRx0DAizW.zip,/Users/patch/vetro/lake_deploy_intake/source_exports/vetro_manual_batch2_2026-01-30/hebron-re-connect-locations-plan-Tz1nJBDR7UaQVRx0DAizW.zip,929,hebron-re-connect-locations-plan-Tz1nJBDR7UaQVRx0DAizW,re-connect-locations-plan-Tz1nJBDR7UaQVRx0DAizW
vetro_manual_batch2_2026-01-30,kennebunk-large-scale-hood-plan-oiDx58JjYHR_9nBA8x7xV.zip,/Users/patch/vetro/lake_deploy_intake/source_exports/vetro_manual_batch2_2026-01-30/kennebunk-large-scale-hood-plan-oiDx58JjYHR_9nBA8x7xV.zip,897,kennebunk-large-scale-hood-plan-oiDx58JjYHR_9nBA8x7xV,large-scale-hood-plan-oiDx58JjYHR_9nBA8x7xV
vetro_manual_batch2_2026-01-30,kennebunkport-large-scale-hood-plan-p2bZZFGgvVGOeDYF7b89Y.zip,/Users/patch/vetro/lake_deploy_intake/source_exports/vetro_manual_batch2_2026-01-30/kennebunkport-large-scale-hood-plan-p2bZZFGgvVGOeDYF7b89Y.zip,838,kennebunkport-large-scale-hood-plan-p2bZZFGgvVGOeDYF7b89Y,large-scale-hood-plan-p2bZZFGgvVGOeDYF7b89Y
vetro_manual_batch2_2026-01-30,lewiston-large-scale-hood-plan-JTMGyFf2FUS7oMHX7E0OW.zip,/Users/patch/vetro/lake_deploy_intake/source_exports/vetro_manual_batch2_2026-01-30/lewiston-large-scale-hood-plan-JTMGyFf2FUS7oMHX7E0OW.zip,892,lewiston-large-scale-hood-plan-JTMGyFf2FUS7oMHX7E0OW,large-scale-hood-plan-JTMGyFf2FUS7oMHX7E0OW
vetro_manual_batch2_2026-01-30,lewiston-opp-zone-plan-epJXOCzFYXX7BumriAIM3.zip,/Users/patch/vetro/lake_deploy_intake/source_exports/vetro_manual_batch2_2026-01-30/lewiston-opp-zone-plan-epJXOCzFYXX7BumriAIM3.zip,782,lewiston-opp-zone-plan-epJXOCzFYXX7BumriAIM3,opp-zone-plan-epJXOCzFYXX7BumriAIM3
vetro_manual_batch2_2026-01-30,madison-opp-zone-downtown-plan-hawbjbTSeZUQU8lttV262.zip,/Users/patch/vetro/lake_deploy_intake/source_exports/vetro_manual_batch2_2026-01-30/madison-opp-zone-downtown-plan-hawbjbTSeZUQU8lttV262.zip,839,madison-opp-zone-downtown-plan-hawbjbTSeZUQU8lttV262,opp-zone-downtown-plan-hawbjbTSeZUQU8lttV262
vetro_manual_batch2_2026-01-30,madison-opp-zone-plan-eL_nUeP6NM3ikVt6x7rg2.zip,/Users/patch/vetro/lake_deploy_intake/source_exports/vetro_manual_batch2_2026-01-30/madison-opp-zone-plan-eL_nUeP6NM3ikVt6x7rg2.zip,997,madison-opp-zone-plan-eL_nUeP6NM3ikVt6x7rg2,opp-zone-plan-eL_nUeP6NM3ikVt6x7rg2
vetro_manual_batch2_2026-01-30,madison-rus-hood-plan-prKcCaNJyVJkM65yeGmtO.zip,/Users/patch/vetro/lake_deploy_intake/source_exports/vetro_manual_batch2_2026-01-30/madison-rus-hood-plan-prKcCaNJyVJkM65yeGmtO.zip,801,madison-rus-hood-plan-prKcCaNJyVJkM65yeGmtO,rus-hood-plan-prKcCaNJyVJkM65yeGmtO
vetro_manual_batch2_2026-01-30,millinocket-opp-zone-east-millinocket-plan-J-eVq4BKJx3i2HVJ3PhRK.zip,/Users/patch/vetro/lake_deploy_intake/source_exports/vetro_manual_batch2_2026-01-30/millinocket-opp-zone-east-millinocket-plan-J-eVq4BKJx3i2HVJ3PhRK.zip,756,millinocket-opp-zone-east-millinocket-plan-J-eVq4BKJx3i2HVJ3PhRK,opp-zone-east-millinocket-plan-J-eVq4BKJx3i2HVJ3PhRK
vetro_manual_batch2_2026-01-30,millinocket-opp-zone-plan-1wQrFjyiPkfmsbzz_aEOm.zip,/Users/patch/vetro/lake_deploy_intake/source_exports/vetro_manual_batch2_2026-01-30/millinocket-opp-zone-plan-1wQrFjyiPkfmsbzz_aEOm.zip,977,millinocket-opp-zone-plan-1wQrFjyiPkfmsbzz_aEOm,opp-zone-plan-1wQrFjyiPkfmsbzz_aEOm
vetro_manual_batch2_2026-01-30,millinocket-oz-millinocket-plan-GF17v6twUrlDalBKh3BBW.zip,/Users/patch/vetro/lake_deploy_intake/source_exports/vetro_manual_batch2_2026-01-30/millinocket-oz-millinocket-plan-GF17v6twUrlDalBKh3BBW.zip,839,millinocket-oz-millinocket-plan-GF17v6twUrlDalBKh3BBW,oz-millinocket-plan-GF17v6twUrlDalBKh3BBW
vetro_manual_batch2_2026-01-30,new-sharon-rus-hood-plan-sbOGn03CxgytfocY-gUf9.zip,/Users/patch/vetro/lake_deploy_intake/source_exports/vetro_manual_batch2_2026-01-30/new-sharon-rus-hood-plan-sbOGn03CxgytfocY-gUf9.zip,801,new-sharon-rus-hood-plan-sbOGn03CxgytfocY-gUf9,sharon-rus-hood-plan-sbOGn03CxgytfocY-gUf9
vetro_manual_batch2_2026-01-30,norridgewock-rus-hood-plan-zUYkFPjY7UKKS9QH-6_Yb.zip,/Users/patch/vetro/lake_deploy_intake/source_exports/vetro_manual_batch2_2026-01-30/norridgewock-rus-hood-plan-zUYkFPjY7UKKS9QH-6_Yb.zip,962,norridgewock-rus-hood-plan-zUYkFPjY7UKKS9QH-6_Yb,rus-hood-plan-zUYkFPjY7UKKS9QH-6_Yb
vetro_manual_batch2_2026-01-30,paris-norway-opp-zone-plan-GuS2OvLBhrvtRd2Fii9H5.zip,/Users/patch/vetro/lake_deploy_intake/source_exports/vetro_manual_batch2_2026-01-30/paris-norway-opp-zone-plan-GuS2OvLBhrvtRd2Fii9H5.zip,865,paris-norway-opp-zone-plan-GuS2OvLBhrvtRd2Fii9H5,norway-opp-zone-plan-GuS2OvLBhrvtRd2Fii9H5
vetro_manual_batch2_2026-01-30,paris-norway-oz-downtown-plan-QoAm19VrDhS61Sx_j7CKp.zip,/Users/patch/vetro/lake_deploy_intake/source_exports/vetro_manual_batch2_2026-01-30/paris-norway-oz-downtown-plan-QoAm19VrDhS61Sx_j7CKp.zip,868,paris-norway-oz-downtown-plan-QoAm19VrDhS61Sx_j7CKp,norway-oz-downtown-plan-QoAm19VrDhS61Sx_j7CKp
vetro_manual_batch2_2026-01-30,penobscot-rfp-proposed-area-plan-OdASWhp1HvwV-gT75NwOd.zip,/Users/patch/vetro/lake_deploy_intake/source_exports/vetro_manual_batch2_2026-01-30/penobscot-rfp-proposed-area-plan-OdASWhp1HvwV-gT75NwOd.zip,965,penobscot-rfp-proposed-area-plan-OdASWhp1HvwV-gT75NwOd,rfp-proposed-area-plan-OdASWhp1HvwV-gT75NwOd
vetro_manual_batch2_2026-01-30,portland-deering-ctr-to-nasons-corner-plan-7EzNJTPWBKYaERcYB5rzF.zip,/Users/patch/vetro/lake_deploy_intake/source_exports/vetro_manual_batch2_2026-01-30/portland-deering-ctr-to-nasons-corner-plan-7EzNJTPWBKYaERcYB5rzF.zip,920,portland-deering-ctr-to-nasons-corner-plan-7EzNJTPWBKYaERcYB5rzF,deering-ctr-to-nasons-corner-plan-7EzNJTPWBKYaERcYB5rzF
vetro_manual_batch2_2026-01-30,portland-forest-and-woodford-plan-HiNROUPiGRA6M_RdBgcdu.zip,/Users/patch/vetro/lake_deploy_intake/source_exports/vetro_manual_batch2_2026-01-30/portland-forest-and-woodford-plan-HiNROUPiGRA6M_RdBgcdu.zip,904,portland-forest-and-woodford-plan-HiNROUPiGRA6M_RdBgcdu,forest-and-woodford-plan-HiNROUPiGRA6M_RdBgcdu
vetro_manual_batch2_2026-01-30,portland-rosemont-large-scale-plan-XTXeI-sSrNofbu_7hfN9N.zip,/Users/patch/vetro/lake_deploy_intake/source_exports/vetro_manual_batch2_2026-01-30/portland-rosemont-large-scale-plan-XTXeI-sSrNofbu_7hfN9N.zip,870,portland-rosemont-large-scale-plan-XTXeI-sSrNofbu_7hfN9N,rosemont-large-scale-plan-XTXeI-sSrNofbu_7hfN9N
vetro_manual_batch2_2026-01-30,portland-west-end-plan-EInEN1Qh3jCpPeOspVAat.zip,/Users/patch/vetro/lake_deploy_intake/source_exports/vetro_manual_batch2_2026-01-30/portland-west-end-plan-EInEN1Qh3jCpPeOspVAat.zip,1099,portland-west-end-plan-EInEN1Qh3jCpPeOspVAat,west-end-plan-EInEN1Qh3jCpPeOspVAat
vetro_manual_batch2_2026-01-30,rangeley-rus-hood-plan-ae5Mnr2SSC2aPGGeveOdu.zip,/Users/patch/vetro/lake_deploy_intake/source_exports/vetro_manual_batch2_2026-01-30/rangeley-rus-hood-plan-ae5Mnr2SSC2aPGGeveOdu.zip,868,rangeley-rus-hood-plan-ae5Mnr2SSC2aPGGeveOdu,rus-hood-plan-ae5Mnr2SSC2aPGGeveOdu
vetro_manual_batch2_2026-01-30,raymond-rus-hood-plan-P3y_QvIcAG0QpQbgnqLBA.zip,/Users/patch/vetro/lake_deploy_intake/source_exports/vetro_manual_batch2_2026-01-30/raymond-rus-hood-plan-P3y_QvIcAG0QpQbgnqLBA.zip,958,raymond-rus-hood-plan-P3y_QvIcAG0QpQbgnqLBA,rus-hood-plan-P3y_QvIcAG0QpQbgnqLBA
vetro_manual_batch2_2026-01-30,route-4-rus-hood-plan-O_t9u7fB-bgN7K_e8obQO.zip,/Users/patch/vetro/lake_deploy_intake/source_exports/vetro_manual_batch2_2026-01-30/route-4-rus-hood-plan-O_t9u7fB-bgN7K_e8obQO.zip,1064,route-4-rus-hood-plan-O_t9u7fB-bgN7K_e8obQO,4-rus-hood-plan-O_t9u7fB-bgN7K_e8obQO
vetro_manual_batch2_2026-01-30,rumford-mexico-large-scale-hood-plan-CCBjM0Gp7m2-JC7zzrE0W.zip,/Users/patch/vetro/lake_deploy_intake/source_exports/vetro_manual_batch2_2026-01-30/rumford-mexico-large-scale-hood-plan-CCBjM0Gp7m2-JC7zzrE0W.zip,846,rumford-mexico-large-scale-hood-plan-CCBjM0Gp7m2-JC7zzrE0W,mexico-large-scale-hood-plan-CCBjM0Gp7m2-JC7zzrE0W
vetro_manual_batch2_2026-01-30,rumford-oz-downtown-and-mexico-plan-uUC2hphZJHmymRg2fsuu6.zip,/Users/patch/vetro/lake_deploy_intake/source_exports/vetro_manual_batch2_2026-01-30/rumford-oz-downtown-and-mexico-plan-uUC2hphZJHmymRg2fsuu6.zip,1034,rumford-oz-downtown-and-mexico-plan-uUC2hphZJHmymRg2fsuu6,oz-downtown-and-mexico-plan-uUC2hphZJHmymRg2fsuu6
vetro_manual_batch2_2026-01-30,rumford-oz-downtown-plan-sXGTZdK36gwa5petnCqhv.zip,/Users/patch/vetro/lake_deploy_intake/source_exports/vetro_manual_batch2_2026-01-30/rumford-oz-downtown-plan-sXGTZdK36gwa5petnCqhv.zip,813,rumford-oz-downtown-plan-sXGTZdK36gwa5petnCqhv,oz-downtown-plan-sXGTZdK36gwa5petnCqhv
vetro_manual_batch2_2026-01-30,rumford-to-hanover-opp-plan-LL-LyLfdFRz06UwHcTRTE.zip,/Users/patch/vetro/lake_deploy_intake/source_exports/vetro_manual_batch2_2026-01-30/rumford-to-hanover-opp-plan-LL-LyLfdFRz06UwHcTRTE.zip,819,rumford-to-hanover-opp-plan-LL-LyLfdFRz06UwHcTRTE,to-hanover-opp-plan-LL-LyLfdFRz06UwHcTRTE
vetro_manual_batch2_2026-01-30,saco-large-scale-hood-plan-f3GyWbQo7DuQxSKmwwDes.zip,/Users/patch/vetro/lake_deploy_intake/source_exports/vetro_manual_batch2_2026-01-30/saco-large-scale-hood-plan-f3GyWbQo7DuQxSKmwwDes.zip,1087,saco-large-scale-hood-plan-f3GyWbQo7DuQxSKmwwDes,large-scale-hood-plan-f3GyWbQo7DuQxSKmwwDes
vetro_manual_batch2_2026-01-30,saco-opp-zone-downtown-plan-3mVYBlrb9wk-XgvNcwLoa.zip,/Users/patch/vetro/lake_deploy_intake/source_exports/vetro_manual_batch2_2026-01-30/saco-opp-zone-downtown-plan-3mVYBlrb9wk-XgvNcwLoa.zip,911,saco-opp-zone-downtown-plan-3mVYBlrb9wk-XgvNcwLoa,opp-zone-downtown-plan-3mVYBlrb9wk-XgvNcwLoa
vetro_manual_batch2_2026-01-30,saco-opp-zone-plan-6eKBQEc198neRFLAY3VgO.zip,/Users/patch/vetro/lake_deploy_intake/source_exports/vetro_manual_batch2_2026-01-30/saco-opp-zone-plan-6eKBQEc198neRFLAY3VgO.zip,816,saco-opp-zone-plan-6eKBQEc198neRFLAY3VgO,opp-zone-plan-6eKBQEc198neRFLAY3VgO
vetro_manual_batch2_2026-01-30,saco-opp-zone-route-1-plan-g6AjsTNiQ187zRly_wCx9.zip,/Users/patch/vetro/lake_deploy_intake/source_exports/vetro_manual_batch2_2026-01-30/saco-opp-zone-route-1-plan-g6AjsTNiQ187zRly_wCx9.zip,927,saco-opp-zone-route-1-plan-g6AjsTNiQ187zRly_wCx9,opp-zone-route-1-plan-g6AjsTNiQ187zRly_wCx9
vetro_manual_batch2_2026-01-30,sanford-large-scale-hood-plan-nBjPWFOzsJUw-yg1_BfF6.zip,/Users/patch/vetro/lake_deploy_intake/source_exports/vetro_manual_batch2_2026-01-30/sanford-large-scale-hood-plan-nBjPWFOzsJUw-yg1_BfF6.zip,925,sanford-large-scale-hood-plan-nBjPWFOzsJUw-yg1_BfF6,large-scale-hood-plan-nBjPWFOzsJUw-yg1_BfF6
vetro_manual_batch2_2026-01-30,scarborough-large-scale-hood-plan-9y9ZQeoWHUqxwcaUoJ5i6.zip,/Users/patch/vetro/lake_deploy_intake/source_exports/vetro_manual_batch2_2026-01-30/scarborough-large-scale-hood-plan-9y9ZQeoWHUqxwcaUoJ5i6.zip,854,scarborough-large-scale-hood-plan-9y9ZQeoWHUqxwcaUoJ5i6,large-scale-hood-plan-9y9ZQeoWHUqxwcaUoJ5i6
vetro_manual_batch2_2026-01-30,sebago-rus-hood-plan-RX7heuwVqwZAOzJyuNHuY.zip,/Users/patch/vetro/lake_deploy_intake/source_exports/vetro_manual_batch2_2026-01-30/sebago-rus-hood-plan-RX7heuwVqwZAOzJyuNHuY.zip,1028,sebago-rus-hood-plan-RX7heuwVqwZAOzJyuNHuY,rus-hood-plan-RX7heuwVqwZAOzJyuNHuY
vetro_manual_batch2_2026-01-30,skowhegan-rus-hood-plan--Zgpud7TjAmQaLrNu2iFt.zip,/Users/patch/vetro/lake_deploy_intake/source_exports/vetro_manual_batch2_2026-01-30/skowhegan-rus-hood-plan--Zgpud7TjAmQaLrNu2iFt.zip,848,skowhegan-rus-hood-plan--Zgpud7TjAmQaLrNu2iFt,rus-hood-plan--Zgpud7TjAmQaLrNu2iFt
vetro_manual_batch2_2026-01-30,somerville-rus-hood-plan-TrZf9hwiipITtoPMswTvg.zip,/Users/patch/vetro/lake_deploy_intake/source_exports/vetro_manual_batch2_2026-01-30/somerville-rus-hood-plan-TrZf9hwiipITtoPMswTvg.zip,804,somerville-rus-hood-plan-TrZf9hwiipITtoPMswTvg,rus-hood-plan-TrZf9hwiipITtoPMswTvg
vetro_manual_batch2_2026-01-30,south-bath-opp-zone-dense-plan-JHP2_MY1Mwe9s9Zk0Ko27.zip,/Users/patch/vetro/lake_deploy_intake/source_exports/vetro_manual_batch2_2026-01-30/south-bath-opp-zone-dense-plan-JHP2_MY1Mwe9s9Zk0Ko27.zip,853,south-bath-opp-zone-dense-plan-JHP2_MY1Mwe9s9Zk0Ko27,bath-opp-zone-dense-plan-JHP2_MY1Mwe9s9Zk0Ko27
vetro_manual_batch2_2026-01-30,south-bath-opp-zone-plan-NLfP_bZyuEzTJJyFBLQds.zip,/Users/patch/vetro/lake_deploy_intake/source_exports/vetro_manual_batch2_2026-01-30/south-bath-opp-zone-plan-NLfP_bZyuEzTJJyFBLQds.zip,928,south-bath-opp-zone-plan-NLfP_bZyuEzTJJyFBLQds,bath-opp-zone-plan-NLfP_bZyuEzTJJyFBLQds
vetro_manual_batch2_2026-01-30,south-paris-re-connect-locations-plan-Raxr7nqKu4vgzRThmHrWw.zip,/Users/patch/vetro/lake_deploy_intake/source_exports/vetro_manual_batch2_2026-01-30/south-paris-re-connect-locations-plan-Raxr7nqKu4vgzRThmHrWw.zip,1875,south-paris-re-connect-locations-plan-Raxr7nqKu4vgzRThmHrWw,paris-re-connect-locations-plan-Raxr7nqKu4vgzRThmHrWw
vetro_manual_batch2_2026-01-30,south-portland-large-scale-hood-plan-1Rwe2OXJrMIpGC_LIZDdK.zip,/Users/patch/vetro/lake_deploy_intake/source_exports/vetro_manual_batch2_2026-01-30/south-portland-large-scale-hood-plan-1Rwe2OXJrMIpGC_LIZDdK.zip,1014,south-portland-large-scale-hood-plan-1Rwe2OXJrMIpGC_LIZDdK,portland-large-scale-hood-plan-1Rwe2OXJrMIpGC_LIZDdK
vetro_manual_batch2_2026-01-30,stonington-all-premises-plan-BatwX_TO7Xc7APD1ALZFW.zip,/Users/patch/vetro/lake_deploy_intake/source_exports/vetro_manual_batch2_2026-01-30/stonington-all-premises-plan-BatwX_TO7Xc7APD1ALZFW.zip,825,stonington-all-premises-plan-BatwX_TO7Xc7APD1ALZFW,all-premises-plan-BatwX_TO7Xc7APD1ALZFW
vetro_manual_batch2_2026-01-30,topsham-large-scale-hood-plan-OkG2SSi-jaYDbRGSgATMz.zip,/Users/patch/vetro/lake_deploy_intake/source_exports/vetro_manual_batch2_2026-01-30/topsham-large-scale-hood-plan-OkG2SSi-jaYDbRGSgATMz.zip,889,topsham-large-scale-hood-plan-OkG2SSi-jaYDbRGSgATMz,large-scale-hood-plan-OkG2SSi-jaYDbRGSgATMz
vetro_manual_batch2_2026-01-30,turner-re-connect-locations-plan-tpRYj8hCDS_wJz1dkfRNc.zip,/Users/patch/vetro/lake_deploy_intake/source_exports/vetro_manual_batch2_2026-01-30/turner-re-connect-locations-plan-tpRYj8hCDS_wJz1dkfRNc.zip,2010,turner-re-connect-locations-plan-tpRYj8hCDS_wJz1dkfRNc,re-connect-locations-plan-tpRYj8hCDS_wJz1dkfRNc
vetro_manual_batch2_2026-01-30,wells-large-scale-hood-plan-tFELQavuwHdUQvL3Dy3hz.zip,/Users/patch/vetro/lake_deploy_intake/source_exports/vetro_manual_batch2_2026-01-30/wells-large-scale-hood-plan-tFELQavuwHdUQvL3Dy3hz.zip,858,wells-large-scale-hood-plan-tFELQavuwHdUQvL3Dy3hz,large-scale-hood-plan-tFELQavuwHdUQvL3Dy3hz
vetro_manual_batch2_2026-01-30,west-paris-re-connect-locations-plan--xVkL0bKouXU80nZbCfd5.zip,/Users/patch/vetro/lake_deploy_intake/source_exports/vetro_manual_batch2_2026-01-30/west-paris-re-connect-locations-plan--xVkL0bKouXU80nZbCfd5.zip,1878,west-paris-re-connect-locations-plan--xVkL0bKouXU80nZbCfd5,paris-re-connect-locations-plan--xVkL0bKouXU80nZbCfd5
vetro_manual_batch2_2026-01-30,westbrook-large-scale-hood-plan-bAoebBarO1NTsDjFSQsyD.zip,/Users/patch/vetro/lake_deploy_intake/source_exports/vetro_manual_batch2_2026-01-30/westbrook-large-scale-hood-plan-bAoebBarO1NTsDjFSQsyD.zip,926,westbrook-large-scale-hood-plan-bAoebBarO1NTsDjFSQsyD,large-scale-hood-plan-bAoebBarO1NTsDjFSQsyD
vetro_manual_batch2_2026-01-30,windham-large-scale-hood-plan-OZh07jK-zA2Wsw3UMVWJk.zip,/Users/patch/vetro/lake_deploy_intake/source_exports/vetro_manual_batch2_2026-01-30/windham-large-scale-hood-plan-OZh07jK-zA2Wsw3UMVWJk.zip,808,windham-large-scale-hood-plan-OZh07jK-zA2Wsw3UMVWJk,large-scale-hood-plan-OZh07jK-zA2Wsw3UMVWJk
vetro_manual_batch2_2026-01-30,yarmouth-large-scale-hood-plan-cujEk7LI8h6LBnNK9wvkV.zip,/Users/patch/vetro/lake_deploy_intake/source_exports/vetro_manual_batch2_2026-01-30/yarmouth-large-scale-hood-plan-cujEk7LI8h6LBnNK9wvkV.zip,869,yarmouth-large-scale-hood-plan-cujEk7LI8h6LBnNK9wvkV,large-scale-hood-plan-cujEk7LI8h6LBnNK9wvkV
vetro_manual_batch2_2026-01-30,york-large-scale-hood-plan-h8o04_-3Qkf_FKYy4PHAk.zip,/Users/patch/vetro/lake_deploy_intake/source_exports/vetro_manual_batch2_2026-01-30/york-large-scale-hood-plan-h8o04_-3Qkf_FKYy4PHAk.zip,842,york-large-scale-hood-plan-h8o04_-3Qkf_FKYy4PHAk,large-scale-hood-plan-h8o04_-3Qkf_FKYy4PHAk
