1769791738	1109	/Users/patch/lake_deploy/docs/reference/intacct_file_inventory_latest_2026-01-30.md
1769791729	4788	/Users/patch/lake_deploy/docs/reference/intacct_file_inventory_2026-01-30.tsv
1769790725	12652	/Users/patch/lake_deploy/apps/mac-mountain-insights-console/functions/processIntacctRevenue.ts
1769788861	565	/Users/patch/lake_deploy/runbooks/intacct_ingest.sh
1769788861	2683	/Users/patch/lake_deploy/runbooks/intacct_probe_prod_v2.sh
1769788861	2106	/Users/patch/lake_deploy/runbooks/intacct_session_probe_env.sh
1769788861	16543	/Users/patch/lake_deploy/runbooks/intacct_ingest.bak_summary_1769011902.sh
1769788861	15718	/Users/patch/lake_deploy/runbooks/intacct_ingest.sh.bak_1769011194
1769788861	1387	/Users/patch/lake_deploy/runbooks/intacct_ingest_dev.sh
1769788861	943	/Users/patch/lake_deploy/runbooks/intacct_env.sh
1769788861	15733	/Users/patch/lake_deploy/runbooks/intacct_ingest.bak_lock_1769011866.sh
1769788861	1403	/Users/patch/lake_deploy/runbooks/intacct_ingest_sandbox.sh
1769788861	2205	/Users/patch/lake_deploy/runbooks/intacct_readbyquery_probe_prod.sh
1769788861	1526	/Users/patch/lake_deploy/runbooks/intacct_glaccount_keys_test.sh
1769788861	5159	/Users/patch/lake_deploy/runbooks/intacct_triage.sh
1769788861	17549	/Users/patch/lake_deploy/runbooks/intacct_ingest.bak_heartbeat_nonfatal_1769012224.sh
1769788861	8115	/Users/patch/lake_deploy/runbooks/intacct_ingest copy.sh
1769788861	15732	/Users/patch/lake_deploy/runbooks/intacct_ingest.bak_fixlookback_1769011765.sh
1769788861	4334	/Users/patch/lake_deploy/runbooks/intacct_glentry_probe_env.sh
1769788861	6356	/Users/patch/lake_deploy/runbooks/intacct_client.py
1769788861	297	/Users/patch/lake_deploy/runbooks/intacct_creds.sh
1769788861	7326	/Users/patch/lake_deploy/external_sources/aws_local/intacct_ecs_stack.yaml
1769788861	17096	/Users/patch/lake_deploy/external_sources/intacct_ingest_local/intacct_ingest.sh
1769788861	15204	/Users/patch/lake_deploy/intacct_ingest.sh
1769775893	871	/Users/patch/lake_deploy/docs/integrations/intacct.md
1769775690	466	/Users/patch/lake_deploy/athena/curated/legacy_ctas/curated_intacct_gl_entries.sql
1769775690	499	/Users/patch/lake_deploy/athena/raw/legacy_ddls/raw_intacct_gl_entries.sql
1769750060	679	/Users/patch/lake_deploy/runbooks/intacct_login.xml
1769750028	399	/Users/patch/lake_deploy/runbooks/intacct_env_from_file.sh
1769749975	5542	/Users/patch/lake_deploy/runbooks/intacct_runbook.md
1769749968	1574	/Users/patch/lake_deploy/intacct_ingest_handoff.md
1769746063	997	/Users/patch/vetro/lake_deploy_intake/exports_inbox/lake_deploy_rebuild_intake_2026-01-30_v7/runbooks/intacct_runbook.md
1769745882	23130	/Users/patch/vetro/lake_deploy_intake/exports_inbox/lake_deploy_rebuild_intake_2026-01-30_v7/scripts/intacct_ingest_no_tee.sh
1769745857	23130	/Users/patch/vetro/lake_deploy_intake/source_exports/lake_deploy_rebuild_intake_2026-01-30_v7/intacct_ingest_no_tee.sh
1769745857	3476	/Users/patch/vetro/lake_deploy_intake/source_exports/lake_deploy_rebuild_intake_2026-01-30_v7/runbooks/intacct_runbook.md
1769744647	3476	/Users/patch/vetro/lake_deploy_intake/source_exports/runbooks/intacct_runbook.md
1769743999	13182	/Users/patch/vetro/lake_deploy_intake/source_exports/intacct_ingest.sh
1769743999	1878	/Users/patch/vetro/lake_deploy_intake/source_exports/intacct_runbook.md
1769743999	19003	/Users/patch/vetro/lake_deploy_intake/source_exports/intacct_ingest_no_tee.sh.bak.20260124T031820Z
1769743999	19003	/Users/patch/vetro/lake_deploy_intake/source_exports/intacct_ingest_no_tee.sh.bak.20260124T031634Z
1769743999	19003	/Users/patch/vetro/lake_deploy_intake/source_exports/intacct_ingest_no_tee.sh.bak.20260124T025643Z
1769743999	23130	/Users/patch/vetro/lake_deploy_intake/source_exports/intacct_ingest_no_tee.sh
1769743671	2746	/Users/patch/vetro/lake_deploy_intake/exports_inbox/intacct_glentry_rebuild_2026-01-30/schema_inventory.md
1769743640	2560	/Users/patch/vetro/lake_deploy_intake/exports_inbox/intacct_glentry_rebuild_2026-01-30/architecture_summary.md
1769575921	506	/Users/patch/lake_deploy/athena/curated/ssot/40_ssot_intacct_gl_entries.sql
1769141157	9488	/Users/patch/lake_deploy/runbooks/intacct_to_s3_glentry.py
1769141157	9145	/Users/patch/lake_deploy/runbooks/intacct_to_s3_glentry.bak_1769009963.py
1769141157	2815	/Users/patch/lake_deploy/runbooks/intacct_to_s3_gl.py
1769141157	1893	/Users/patch/lake_deploy/runbooks/intacct_s3_regression_check.sh
1769141157	2411	/Users/patch/lake_deploy/runbooks/intacct_glentry_probe.sh
1769141157	2522	/Users/patch/lake_deploy/runbooks/intacct_debug_dump.py
1769141157	925	/Users/patch/lake_deploy/runbooks/intacct_debug_GWI_sandbox_JOURNALENTRY_debug.xml
1769141157	106752	/Users/patch/lake_deploy/runbooks/intacct_debug_GWI_sandbox_GLENTRY_debug.xml
1769141157	922	/Users/patch/lake_deploy/runbooks/intacct_debug_GWI2_DEV_JOURNALENTRY_debug.xml
1769141157	1893	/Users/patch/lake_deploy/runbooks/intacct_cron_diff.sh
1769018509	7249	/Users/patch/lake_deploy/external_sources/orchestration_local/lambda/lake_orchestrator.bak_ctas_intacct_1769021095.py
1769013682	466	/Users/patch/lake_deploy/external_sources/curation/athena_ctas/curated_intacct_gl_entries.sql
1769013642	499	/Users/patch/lake_deploy/external_sources/curation/athena_ddl/raw_intacct_gl_entries.sql
1768972731	56818	/Users/patch/lake_deploy/external_sources/intacct_ingest_local/monday results.md
1768942471	333	/Users/patch/lake_deploy/external_sources/gaiia_ingest/gaiia_ingest_usage.sh
1768859248	1878	/Users/patch/lake_deploy/intacct_runbook.md