1769790725	3418	/Users/patch/lake_deploy/apps/mac-mountain-insights-console/functions/getVetroFeaturesForPlan.ts
1769790725	2985	/Users/patch/lake_deploy/apps/mac-mountain-insights-console/functions/getVetroPlanIndex.ts
1769788861	4018	/Users/patch/lake_deploy/automation/lambda/vetro_export_lambda.py
1769788861	10290	/Users/patch/lake_deploy/external_sources/aws_local/vetro_features_lambda.py
1769788861	9594	/Users/patch/lake_deploy/external_sources/aws_local/vetro_export_lambda.py
1769788861	305	/Users/patch/lake_deploy/external_sources/vetro_ingest/get_features_2757.sh
1769788861	780	/Users/patch/lake_deploy/external_sources/vetro_ingest/get_all_plans.sh
1769788723	742	/Users/patch/lake_deploy/docs/reference/vetro_manual_batches_planmap_resolved_2026-01-30.md
1769788694	82302	/Users/patch/lake_deploy/docs/reference/vetro_reconciliation_with_manual_2026-01-30.csv
1769788675	14734	/Users/patch/lake_deploy/docs/reference/vetro_manual_batches_planmap_resolved_2026-01-30.csv
1769788616	444	/Users/patch/lake_deploy/docs/reference/vetro_manual_missing_planid_fuzzy_2026-01-30.md
1769788601	157	/Users/patch/lake_deploy/docs/reference/vetro_manual_batches_missing_planid_fuzzy_2026-01-30.csv
1769788586	1545	/Users/patch/lake_deploy/docs/reference/investor_questions_to_vetro_fuzzy_2026-01-30.csv
1769788003	655	/Users/patch/lake_deploy/docs/reference/vetro_manual_batches_planmap_2026-01-30.md
1769787995	72	/Users/patch/lake_deploy/docs/reference/investor_questions_to_vetro_crosswalk_2026-01-30.csv
1769787975	11975	/Users/patch/lake_deploy/docs/reference/vetro_manual_batches_planmap_2026-01-30.csv
1769787313	1261	/Users/patch/lake_deploy/docs/reference/vetro_reconciliation_2026-01-30.md
1769787290	13472	/Users/patch/lake_deploy/docs/reference/vetro_manual_batches_index_2026-01-30.csv
1769787276	80161	/Users/patch/lake_deploy/docs/reference/vetro_reconciliation_2026-01-30.csv
1769786689	2789	/Users/patch/lake_deploy/docs/reference/vetro_exports_audit.md
1769786195	278	/Users/patch/vetro/lake_deploy_intake/threads_inbox/investor_questions_2026-01-30/README.md
1769786189	177920	/Users/patch/vetro/lake_deploy_intake/source_exports/investor_questions_2026-01-30/Investor Questions - GWI Business (1).xlsx
1769780635	773	/Users/patch/vetro/lake_deploy_intake/threads_inbox/downloads_scan_2026-01-30/README.md
1769780590	378	/Users/patch/vetro/lake_deploy_intake/threads_inbox/vetro_manual_batch2_2026-01-30/README.md
1769780590	16151	/Users/patch/vetro/lake_deploy_intake/threads_inbox/vetro_manual_batch2_2026-01-30/vetro_batch2_copy_log.txt
1769780516	12031	/Users/patch/vetro/lake_deploy_intake/threads_inbox/downloads_scan_2026-01-30/datalake_downloads_copy_log.txt
1769780516	1560	/Users/patch/vetro/lake_deploy_intake/threads_inbox/downloads_scan_2026-01-30/datalake_downloads_skipped.txt
1769780516	4165	/Users/patch/vetro/lake_deploy_intake/threads_inbox/downloads_scan_2026-01-30/datalake_downloads_safe.txt
1769780516	5381	/Users/patch/vetro/lake_deploy_intake/threads_inbox/downloads_scan_2026-01-30/datalake_downloads_candidates.txt
1769779395	573	/Users/patch/vetro/lake_deploy_intake/threads_inbox/base44_exports_2026-01-30/README.md
1769779382	24047	/Users/patch/vetro/lake_deploy_intake/source_exports/rebuild_package (1).json
1769779382	10307	/Users/patch/vetro/lake_deploy_intake/source_exports/REBUILD_GUIDE (1).md
1769779382	15029	/Users/patch/vetro/lake_deploy_intake/source_exports/architecture_export_2026-01-30.md
1769779181	15029	/Users/patch/vetro/lake_deploy_intake/source_exports/downloads_scan_2026-01-30/architecture_export_2026-01-30.md
1769775882	1115	/Users/patch/lake_deploy/docs/integrations/vetro.md
1769775690	338	/Users/patch/lake_deploy/athena/curated/legacy_ctas/curated_vetro_exports.sql
1769775690	313	/Users/patch/lake_deploy/athena/raw/legacy_ddls/raw_vetro_exports.sql
1769775446	2062554	/Users/patch/vetro/lake_deploy_intake/notes/local_source_catalog.md
1769750463	6376	/Users/patch/lake_deploy/docs/reference/vetro_base44_runbook.md
1769750420	1611	/Users/patch/lake_deploy/docs/vetro_geometry_export_runbook.md
1769746081	1937	/Users/patch/vetro/lake_deploy_intake/threads_inbox/lake_deploy_rebuild_intake_2026-01-30_v7/sql/curated/10_curated_vetro_rollup.sql
1769746077	4765	/Users/patch/vetro/lake_deploy_intake/threads_inbox/lake_deploy_rebuild_intake_2026-01-30_v7/iac/vetro_export_stack.yaml
1769746072	2025	/Users/patch/vetro/lake_deploy_intake/threads_inbox/lake_deploy_rebuild_intake_2026-01-30_v7/runbooks/deploy_vetro_export.md
1769746063	997	/Users/patch/vetro/lake_deploy_intake/threads_inbox/lake_deploy_rebuild_intake_2026-01-30_v7/runbooks/intacct_runbook.md
1769746012	2285	/Users/patch/vetro/lake_deploy_intake/threads_inbox/lake_deploy_rebuild_intake_2026-01-30_v7/README.md
1769745994	2187	/Users/patch/vetro/lake_deploy_intake/threads_inbox/lake_deploy_rebuild_intake_2026-01-30_v7/08_rebuild_runbook.md
1769745980	1394	/Users/patch/vetro/lake_deploy_intake/threads_inbox/lake_deploy_rebuild_intake_2026-01-30_v7/07_deployed_vs_future_state.md
1769745970	1435	/Users/patch/vetro/lake_deploy_intake/threads_inbox/lake_deploy_rebuild_intake_2026-01-30_v7/06_security_and_access.md
1769745961	1967	/Users/patch/vetro/lake_deploy_intake/threads_inbox/lake_deploy_rebuild_intake_2026-01-30_v7/05_recon_and_proofs.md
1769745947	2187	/Users/patch/vetro/lake_deploy_intake/threads_inbox/lake_deploy_rebuild_intake_2026-01-30_v7/04_orchestration_schedule_and_failure_modes.md
1769745934	2893	/Users/patch/vetro/lake_deploy_intake/threads_inbox/lake_deploy_rebuild_intake_2026-01-30_v7/03_schema_inventory_and_field_mapping.md
1769745910	2579	/Users/patch/vetro/lake_deploy_intake/threads_inbox/lake_deploy_rebuild_intake_2026-01-30_v7/02_s3_layout_and_ssot_policy.md
1769745895	2202	/Users/patch/vetro/lake_deploy_intake/threads_inbox/lake_deploy_rebuild_intake_2026-01-30_v7/01_architecture_summary.md
1769745882	968	/Users/patch/vetro/lake_deploy_intake/threads_inbox/lake_deploy_rebuild_intake_2026-01-30_v7/runbooks/security_secrets.md
1769745882	4482	/Users/patch/vetro/lake_deploy_intake/threads_inbox/lake_deploy_rebuild_intake_2026-01-30_v7/runbooks/ssot_runbooks.md
1769745882	1170	/Users/patch/vetro/lake_deploy_intake/threads_inbox/lake_deploy_rebuild_intake_2026-01-30_v7/runbooks/lake_runbook.md
1769745882	23130	/Users/patch/vetro/lake_deploy_intake/threads_inbox/lake_deploy_rebuild_intake_2026-01-30_v7/scripts/intacct_ingest_no_tee.sh
1769745882	614	/Users/patch/vetro/lake_deploy_intake/threads_inbox/lake_deploy_rebuild_intake_2026-01-30_v7/scripts/validate_vetro_export.sh
1769745882	1412	/Users/patch/vetro/lake_deploy_intake/threads_inbox/lake_deploy_rebuild_intake_2026-01-30_v7/scripts/deploy_vetro_export.sh
1769745882	17375	/Users/patch/vetro/lake_deploy_intake/threads_inbox/lake_deploy_rebuild_intake_2026-01-30_v7/iac/vetro_export_lambda.py
1769745882	2043	/Users/patch/vetro/lake_deploy_intake/threads_inbox/lake_deploy_rebuild_intake_2026-01-30_v7/sql/ssot/20_vetro_plan_exports.sql
1769745882	2990	/Users/patch/vetro/lake_deploy_intake/threads_inbox/lake_deploy_rebuild_intake_2026-01-30_v7/sql/ssot/11_gaiia_invoices.sql
1769745882	2886	/Users/patch/vetro/lake_deploy_intake/threads_inbox/lake_deploy_rebuild_intake_2026-01-30_v7/sql/ssot/10_gaiia_customers.sql
1769745882	1181	/Users/patch/vetro/lake_deploy_intake/threads_inbox/lake_deploy_rebuild_intake_2026-01-30_v7/sql/ssot/04_project_updates.sql
1769745882	1123	/Users/patch/vetro/lake_deploy_intake/threads_inbox/lake_deploy_rebuild_intake_2026-01-30_v7/sql/ssot/03_deliverables_insert.sql
1769745882	927	/Users/patch/vetro/lake_deploy_intake/threads_inbox/lake_deploy_rebuild_intake_2026-01-30_v7/sql/ssot/02_deliverables_schema.sql
1769745882	804	/Users/patch/vetro/lake_deploy_intake/threads_inbox/lake_deploy_rebuild_intake_2026-01-30_v7/sql/ssot/01_deliverables.sql
1769745882	572	/Users/patch/vetro/lake_deploy_intake/threads_inbox/lake_deploy_rebuild_intake_2026-01-30_v7/sql/ssot/00_ssot_daily_summary.sql
1769745882	328	/Users/patch/vetro/lake_deploy_intake/threads_inbox/lake_deploy_rebuild_intake_2026-01-30_v7/sql/curated/22_curated_platt_billing_summary.sql
1769745882	627	/Users/patch/vetro/lake_deploy_intake/threads_inbox/lake_deploy_rebuild_intake_2026-01-30_v7/sql/curated/21_platt_reconciliation.sql
1769745882	1177	/Users/patch/vetro/lake_deploy_intake/threads_inbox/lake_deploy_rebuild_intake_2026-01-30_v7/sql/curated/20_curated_platt.sql
1769745882	11014	/Users/patch/vetro/lake_deploy_intake/threads_inbox/lake_deploy_rebuild_intake_2026-01-30_v7/sql/raw/03_raw_platt_tables.sql
1769745882	941	/Users/patch/vetro/lake_deploy_intake/threads_inbox/lake_deploy_rebuild_intake_2026-01-30_v7/sql/raw/02_raw_vetro_projection.sql
1769745882	741	/Users/patch/vetro/lake_deploy_intake/threads_inbox/lake_deploy_rebuild_intake_2026-01-30_v7/sql/raw/01_raw_vetro_ddl.sql
1769745857	3549	/Users/patch/vetro/lake_deploy_intake/source_exports/lake_deploy_rebuild_intake_2026-01-30_v7/deliverables_config.json
1769745857	2043	/Users/patch/vetro/lake_deploy_intake/source_exports/lake_deploy_rebuild_intake_2026-01-30_v7/sql_ssot/20_vetro_plan_exports.sql
1769745857	2990	/Users/patch/vetro/lake_deploy_intake/source_exports/lake_deploy_rebuild_intake_2026-01-30_v7/sql_ssot/11_gaiia_invoices.sql
1769745857	1181	/Users/patch/vetro/lake_deploy_intake/source_exports/lake_deploy_rebuild_intake_2026-01-30_v7/sql_ssot/04_project_updates.sql
1769745857	2886	/Users/patch/vetro/lake_deploy_intake/source_exports/lake_deploy_rebuild_intake_2026-01-30_v7/sql_ssot/10_gaiia_customers.sql
1769745857	1123	/Users/patch/vetro/lake_deploy_intake/source_exports/lake_deploy_rebuild_intake_2026-01-30_v7/sql_ssot/03_deliverables_insert.sql
1769745857	572	/Users/patch/vetro/lake_deploy_intake/source_exports/lake_deploy_rebuild_intake_2026-01-30_v7/sql_ssot/00_ssot_daily_summary.sql
1769745857	804	/Users/patch/vetro/lake_deploy_intake/source_exports/lake_deploy_rebuild_intake_2026-01-30_v7/sql_ssot/01_deliverables.sql
1769745857	927	/Users/patch/vetro/lake_deploy_intake/source_exports/lake_deploy_rebuild_intake_2026-01-30_v7/sql_ssot/02_deliverables_schema.sql
1769745857	15029	/Users/patch/vetro/lake_deploy_intake/source_exports/lake_deploy_rebuild_intake_2026-01-30_v7/architecture_export_2026-01-27.md
1769745857	1791	/Users/patch/vetro/lake_deploy_intake/source_exports/lake_deploy_rebuild_intake_2026-01-30_v7/BASE44_PIPELINE_UPDATE.md
1769745857	968	/Users/patch/vetro/lake_deploy_intake/source_exports/lake_deploy_rebuild_intake_2026-01-30_v7/SECURITY_SECRETS.md
1769745857	4482	/Users/patch/vetro/lake_deploy_intake/source_exports/lake_deploy_rebuild_intake_2026-01-30_v7/RUNBOOKS_ssot.md
1769745857	10307	/Users/patch/vetro/lake_deploy_intake/source_exports/lake_deploy_rebuild_intake_2026-01-30_v7/REBUILD_GUIDE_base44.md
1769745857	3390	/Users/patch/vetro/lake_deploy_intake/source_exports/lake_deploy_rebuild_intake_2026-01-30_v7/gaiia_query_registry.json
1769745857	14944	/Users/patch/vetro/lake_deploy_intake/source_exports/lake_deploy_rebuild_intake_2026-01-30_v7/platt_schema.csv
1769745857	1307	/Users/patch/vetro/lake_deploy_intake/source_exports/lake_deploy_rebuild_intake_2026-01-30_v7/platt_mapping.md
1769745857	2463	/Users/patch/vetro/lake_deploy_intake/source_exports/lake_deploy_rebuild_intake_2026-01-30_v7/gaiia_runbook_2026-01-26.md
1769745857	3459	/Users/patch/vetro/lake_deploy_intake/source_exports/lake_deploy_rebuild_intake_2026-01-30_v7/handoff_runbook_2026-01-26.md
1769745857	23130	/Users/patch/vetro/lake_deploy_intake/source_exports/lake_deploy_rebuild_intake_2026-01-30_v7/intacct_ingest_no_tee.sh
1769745857	1048	/Users/patch/vetro/lake_deploy_intake/source_exports/lake_deploy_rebuild_intake_2026-01-30_v7/validate_vetro_export.sh
1769745857	1848	/Users/patch/vetro/lake_deploy_intake/source_exports/lake_deploy_rebuild_intake_2026-01-30_v7/deploy_vetro_export.sh
1769745857	3455	/Users/patch/vetro/lake_deploy_intake/source_exports/lake_deploy_rebuild_intake_2026-01-30_v7/deploy_vetro_export.md
1769745857	1946	/Users/patch/vetro/lake_deploy_intake/source_exports/lake_deploy_rebuild_intake_2026-01-30_v7/athena/curated/10_curated_vetro_rollup.sql
1769745857	1177	/Users/patch/vetro/lake_deploy_intake/source_exports/lake_deploy_rebuild_intake_2026-01-30_v7/athena/curated/20_curated_platt.sql
1769745857	627	/Users/patch/vetro/lake_deploy_intake/source_exports/lake_deploy_rebuild_intake_2026-01-30_v7/athena/curated/21_platt_reconciliation.sql
1769745857	328	/Users/patch/vetro/lake_deploy_intake/source_exports/lake_deploy_rebuild_intake_2026-01-30_v7/athena/curated/22_curated_platt_billing_summary.sql
1769745857	941	/Users/patch/vetro/lake_deploy_intake/source_exports/lake_deploy_rebuild_intake_2026-01-30_v7/athena/raw/02_raw_vetro_projection.sql
1769745857	741	/Users/patch/vetro/lake_deploy_intake/source_exports/lake_deploy_rebuild_intake_2026-01-30_v7/athena/raw/01_raw_vetro_ddl.sql
1769745857	11014	/Users/patch/vetro/lake_deploy_intake/source_exports/lake_deploy_rebuild_intake_2026-01-30_v7/athena/raw/03_raw_platt_tables.sql
1769745857	17375	/Users/patch/vetro/lake_deploy_intake/source_exports/lake_deploy_rebuild_intake_2026-01-30_v7/automation/lambda/vetro_export_lambda.py
1769745857	4764	/Users/patch/vetro/lake_deploy_intake/source_exports/lake_deploy_rebuild_intake_2026-01-30_v7/automation/cf/vetro_export_stack.yaml
1769745857	3476	/Users/patch/vetro/lake_deploy_intake/source_exports/lake_deploy_rebuild_intake_2026-01-30_v7/runbooks/intacct_runbook.md
1769745857	2036	/Users/patch/vetro/lake_deploy_intake/source_exports/lake_deploy_rebuild_intake_2026-01-30_v7/runbooks/deploy_vetro_export.md
1769745857	1412	/Users/patch/vetro/lake_deploy_intake/source_exports/lake_deploy_rebuild_intake_2026-01-30_v7/runbooks/deploy_vetro_export.sh
1769745857	1170	/Users/patch/vetro/lake_deploy_intake/source_exports/lake_deploy_rebuild_intake_2026-01-30_v7/runbooks/lake_runbook.md
1769745857	614	/Users/patch/vetro/lake_deploy_intake/source_exports/lake_deploy_rebuild_intake_2026-01-30_v7/runbooks/validate_vetro_export.sh
1769745857	1609	/Users/patch/vetro/lake_deploy_intake/source_exports/lake_deploy_rebuild_intake_2026-01-30_v7/README.md
1769745791	1259	/Users/patch/vetro/lake_deploy_intake/threads_inbox/lake_deploy_rebuild_2026-01-30/README.md
1769745786	696	/Users/patch/vetro/lake_deploy_intake/threads_inbox/lake_deploy_rebuild_2026-01-30/release_log_template.md
1769745781	690	/Users/patch/vetro/lake_deploy_intake/threads_inbox/lake_deploy_rebuild_2026-01-30/open_questions.md
1769745776	1761	/Users/patch/vetro/lake_deploy_intake/threads_inbox/lake_deploy_rebuild_2026-01-30/runbook_rebuild_steps.md
1769745773	887	/Users/patch/vetro/lake_deploy_intake/threads_inbox/lake_deploy_rebuild_2026-01-30/deployed_vs_future_state.md
1769745769	727	/Users/patch/vetro/lake_deploy_intake/threads_inbox/lake_deploy_rebuild_2026-01-30/security_and_secrets.md
1769745766	1716	/Users/patch/vetro/lake_deploy_intake/threads_inbox/lake_deploy_rebuild_2026-01-30/proofs_and_queries.md
1769745762	1142	/Users/patch/vetro/lake_deploy_intake/threads_inbox/lake_deploy_rebuild_2026-01-30/recon_and_ssot_policy.md
1769745757	1071	/Users/patch/vetro/lake_deploy_intake/threads_inbox/lake_deploy_rebuild_2026-01-30/orchestration_and_failure_modes.md
1769745752	1685	/Users/patch/vetro/lake_deploy_intake/threads_inbox/lake_deploy_rebuild_2026-01-30/schema_inventory.md
1769745747	1239	/Users/patch/vetro/lake_deploy_intake/threads_inbox/lake_deploy_rebuild_2026-01-30/s3_layout_and_storage.md
1769745712	1785	/Users/patch/vetro/lake_deploy_intake/threads_inbox/lake_deploy_rebuild_2026-01-30/architecture_summary.md
1769745561	46982	/Users/patch/vetro/lake_deploy_intake/source_exports/views.md
1769745561	15029	/Users/patch/vetro/lake_deploy_intake/source_exports/architecture_export_2026-01-27.md
1769745270	1742	/Users/patch/vetro/lake_deploy_intake/threads_inbox/lake_deploy_rebuild_2026-01-30/s3_layout_and_ssot.md
1769745219	762	/Users/patch/vetro/lake_deploy_intake/threads_inbox/lake_deploy_rebuild_2026-01-30/security_and_secret_handling.md
1769745206	1152	/Users/patch/vetro/lake_deploy_intake/threads_inbox/lake_deploy_rebuild_intake_2026-01-30_v6/README.md
1769745202	1166	/Users/patch/vetro/lake_deploy_intake/threads_inbox/lake_deploy_rebuild_2026-01-30/recon_and_exception_logic.md
1769745196	538	/Users/patch/vetro/lake_deploy_intake/threads_inbox/lake_deploy_rebuild_intake_2026-01-30_v6/open_questions.md
1769745194	2242	/Users/patch/vetro/lake_deploy_intake/threads_inbox/lake_deploy_rebuild_2026-01-30/orchestration_schedule_and_failure_modes.md
1769745192	999	/Users/patch/vetro/lake_deploy_intake/threads_inbox/lake_deploy_rebuild_intake_2026-01-30_v6/deployed_vs_future.md
1769745182	3046	/Users/patch/vetro/lake_deploy_intake/threads_inbox/lake_deploy_rebuild_2026-01-30/schema_inventory_and_field_mapping.md
1769745180	605	/Users/patch/vetro/lake_deploy_intake/threads_inbox/lake_deploy_rebuild_intake_2026-01-30_v6/security_and_secrets.md
1769745175	1470	/Users/patch/vetro/lake_deploy_intake/threads_inbox/lake_deploy_rebuild_intake_2026-01-30_v6/proofs_and_queries.md
1769745165	921	/Users/patch/vetro/lake_deploy_intake/threads_inbox/lake_deploy_rebuild_intake_2026-01-30_v6/recon_and_exceptions.md
1769745163	605	/Users/patch/vetro/lake_deploy_intake/threads_inbox/lake_deploy_rebuild_2026-01-30/ssot_and_proofs.md
1769745159	1085	/Users/patch/vetro/lake_deploy_intake/threads_inbox/lake_deploy_rebuild_intake_2026-01-30_v6/orchestration_and_failure.md
1769745152	1071	/Users/patch/vetro/lake_deploy_intake/threads_inbox/lake_deploy_rebuild_2026-01-30/proof_queries.md
1769745152	1587	/Users/patch/vetro/lake_deploy_intake/threads_inbox/lake_deploy_rebuild_intake_2026-01-30_v6/schema_inventory.md
1769745144	906	/Users/patch/vetro/lake_deploy_intake/threads_inbox/lake_deploy_rebuild_2026-01-30/recon_and_validation.md
1769745142	1990	/Users/patch/vetro/lake_deploy_intake/threads_inbox/lake_deploy_rebuild_intake_2026-01-30_v6/architecture_summary.md
1769745136	507	/Users/patch/vetro/lake_deploy_intake/threads_inbox/lake_deploy_rebuild_intake_2026-01-30_v5/ssot_policy.md
1769745136	821	/Users/patch/vetro/lake_deploy_intake/threads_inbox/lake_deploy_rebuild_intake_2026-01-30_v5/security_secrets.md
1769745136	722	/Users/patch/vetro/lake_deploy_intake/threads_inbox/lake_deploy_rebuild_intake_2026-01-30_v5/scripts_iac_index.md
1769745136	1252	/Users/patch/vetro/lake_deploy_intake/threads_inbox/lake_deploy_rebuild_intake_2026-01-30_v5/schema_inventory.md
1769745136	1316	/Users/patch/vetro/lake_deploy_intake/threads_inbox/lake_deploy_rebuild_intake_2026-01-30_v5/s3_layout.md
1769745136	1080	/Users/patch/vetro/lake_deploy_intake/threads_inbox/lake_deploy_rebuild_intake_2026-01-30_v5/recon_exception.md
1769745136	1293	/Users/patch/vetro/lake_deploy_intake/threads_inbox/lake_deploy_rebuild_intake_2026-01-30_v5/rebuild_runbook.md
1769745136	1119	/Users/patch/vetro/lake_deploy_intake/threads_inbox/lake_deploy_rebuild_intake_2026-01-30_v5/proofs.md
1769745136	1150	/Users/patch/vetro/lake_deploy_intake/threads_inbox/lake_deploy_rebuild_intake_2026-01-30_v5/orchestration_schedule.md
1769745136	616	/Users/patch/vetro/lake_deploy_intake/threads_inbox/lake_deploy_rebuild_intake_2026-01-30_v5/open_questions.md
1769745136	883	/Users/patch/vetro/lake_deploy_intake/threads_inbox/lake_deploy_rebuild_intake_2026-01-30_v5/deployed_vs_future.md
1769745136	678	/Users/patch/vetro/lake_deploy_intake/threads_inbox/lake_deploy_rebuild_intake_2026-01-30_v5/data_sources.md
1769745136	1860	/Users/patch/vetro/lake_deploy_intake/threads_inbox/lake_deploy_rebuild_intake_2026-01-30_v5/architecture_summary.md
1769745136	1220	/Users/patch/vetro/lake_deploy_intake/threads_inbox/lake_deploy_rebuild_intake_2026-01-30_v5/README.md
1769745131	1327	/Users/patch/vetro/lake_deploy_intake/source_exports/base44_pipeline_update_2026-01-27.md
1769745114	912	/Users/patch/vetro/lake_deploy_intake/threads_inbox/lake_deploy_rebuild_2026-01-30/data_lake_layout.md
1769744822	1048	/Users/patch/vetro/lake_deploy_intake/threads_inbox/lake_deploy_rebuild_2026-01-29/06_security_and_secrets.md
1769744818	3211	/Users/patch/vetro/lake_deploy_intake/threads_inbox/lake_deploy_rebuild_2026-01-29/01_data_sources_s3_layout.md
1769744746	235	/Users/patch/vetro/lake_deploy_intake/threads_inbox/lake_deploy_rebuild_2026-01-30/scripts_run_local_checks.sh
1769744741	1670	/Users/patch/vetro/lake_deploy_intake/threads_inbox/lake_deploy_rebuild_2026-01-30/iac_terraform_stub.tf
1769744730	1243	/Users/patch/vetro/lake_deploy_intake/threads_inbox/lake_deploy_rebuild_2026-01-30/runbook_rebuild.md
1769744715	1131	/Users/patch/vetro/lake_deploy_intake/threads_inbox/lake_deploy_rebuild_2026-01-30/proofs.md
1769744707	935	/Users/patch/vetro/lake_deploy_intake/threads_inbox/lake_deploy_rebuild_2026-01-30/recon_and_exceptions.md
1769744647	1170	/Users/patch/vetro/lake_deploy_intake/source_exports/runbooks/lake_runbook.md
1769744647	3476	/Users/patch/vetro/lake_deploy_intake/source_exports/runbooks/intacct_runbook.md
1769744647	1048	/Users/patch/vetro/lake_deploy_intake/source_exports/runbooks/validate_vetro_export.sh
1769744647	1848	/Users/patch/vetro/lake_deploy_intake/source_exports/runbooks/deploy_vetro_export.sh
1769744647	3455	/Users/patch/vetro/lake_deploy_intake/source_exports/runbooks/deploy_vetro_export.md
1769744647	4611	/Users/patch/vetro/lake_deploy_intake/source_exports/automation/vetro_export_stack.yaml
1769744647	9638	/Users/patch/vetro/lake_deploy_intake/source_exports/automation/vetro_export_lambda.py
1769744647	1059	/Users/patch/vetro/lake_deploy_intake/source_exports/vetro_athena/10_curated_vetro_rollup.sql
1769744647	380	/Users/patch/vetro/lake_deploy_intake/source_exports/vetro_athena/02_raw_vetro_projection.sql
1769744647	387	/Users/patch/vetro/lake_deploy_intake/source_exports/vetro_athena/01_raw_vetro_ddl.sql
1769744613	444	/Users/patch/vetro/lake_deploy_intake/threads_inbox/lake_deploy_rebuild_2026-01-30/security_secret_handling.md
1769744613	556	/Users/patch/vetro/lake_deploy_intake/threads_inbox/lake_deploy_rebuild_2026-01-30/ssot_policy.md
1769744613	1039	/Users/patch/vetro/lake_deploy_intake/threads_inbox/lake_deploy_rebuild_2026-01-30/proofs_and_qids.md
1769744613	744	/Users/patch/vetro/lake_deploy_intake/threads_inbox/lake_deploy_rebuild_2026-01-30/recon_exception_logic.md
1769744613	776	/Users/patch/vetro/lake_deploy_intake/threads_inbox/lake_deploy_rebuild_2026-01-30/orchestration_schedule.md
1769744613	648	/Users/patch/vetro/lake_deploy_intake/threads_inbox/lake_deploy_rebuild_2026-01-30/s3_layout.md
1769744388	2052	/Users/patch/vetro/lake_deploy_intake/threads_inbox/lake_deploy_rebuild_2026-01-30_v2/README.md
1769744369	3108	/Users/patch/vetro/lake_deploy_intake/threads_inbox/lake_deploy_rebuild_2026-01-30_v2/09_rebuild_runbook.md
1769744363	1312	/Users/patch/vetro/lake_deploy_intake/threads_inbox/lake_deploy_rebuild_2026-01-30_v2/08_deployed_vs_future.md
1769744355	798	/Users/patch/vetro/lake_deploy_intake/threads_inbox/lake_deploy_rebuild_2026-01-30_v2/07_security_secrets.md
1769744350	2400	/Users/patch/vetro/lake_deploy_intake/threads_inbox/lake_deploy_rebuild_2026-01-30_v2/06_proof_queries.md
1769744344	1377	/Users/patch/vetro/lake_deploy_intake/threads_inbox/lake_deploy_rebuild_2026-01-30_v2/05_recon_exceptions.md
1769744335	2778	/Users/patch/vetro/lake_deploy_intake/threads_inbox/lake_deploy_rebuild_2026-01-30_v2/04_orchestration_schedule.md
1769744328	4181	/Users/patch/vetro/lake_deploy_intake/threads_inbox/lake_deploy_rebuild_2026-01-30_v2/03_schema_inventory.md
1769744321	2388	/Users/patch/vetro/lake_deploy_intake/threads_inbox/lake_deploy_rebuild_2026-01-30_v2/02_s3_layout_and_ssot.md
1769744196	2756	/Users/patch/vetro/lake_deploy_intake/threads_inbox/2026-01-30_lake_deploy_rebuild_intake/sources_index.md
1769744178	750	/Users/patch/vetro/lake_deploy_intake/threads_inbox/2026-01-30_lake_deploy_rebuild_intake/open_questions.md
1769744170	1976	/Users/patch/vetro/lake_deploy_intake/threads_inbox/2026-01-30_lake_deploy_rebuild_intake/rebuild_runbook.md
1769744159	7141	/Users/patch/vetro/lake_deploy_intake/threads_inbox/lake_deploy_rebuild_2026-01-30_v2/source_index.md
1769744157	1259	/Users/patch/vetro/lake_deploy_intake/threads_inbox/2026-01-30_lake_deploy_rebuild_intake/deployed_vs_future.md
1769744131	734	/Users/patch/vetro/lake_deploy_intake/threads_inbox/2026-01-30_lake_deploy_rebuild_intake/security_secrets.md
1769744121	1732	/Users/patch/vetro/lake_deploy_intake/threads_inbox/2026-01-30_lake_deploy_rebuild_intake/proofs.md
1769744120	1376	/Users/patch/vetro/lake_deploy_intake/threads_inbox/lake_deploy_rebuild_2026-01-30_v2/rebuild_runbook.md
1769744111	964	/Users/patch/vetro/lake_deploy_intake/threads_inbox/lake_deploy_rebuild_2026-01-30_v2/ssot_policy.md
1769744107	1186	/Users/patch/vetro/lake_deploy_intake/threads_inbox/2026-01-30_lake_deploy_rebuild_intake/recon_exception_logic.md
1769744104	1945	/Users/patch/vetro/lake_deploy_intake/threads_inbox/lake_deploy_rebuild_2026-01-30_v2/deployed_vs_future_state.md
1769744103	5455	/Users/patch/vetro/lake_deploy_intake/threads_inbox/lake_deploy_rebuild_2026-01-30_next/data_sources.md
1769744101	3442	/Users/patch/vetro/lake_deploy_intake/threads_inbox/lake_deploy_rebuild_2026-01-30_v2/01_architecture_summary.md
1769744099	788550	/Users/patch/vetro/lake_deploy_intake/threads_inbox/lake_deploy_rebuild_ops_2026-01-30/sources_index.md
1769744099	1569	/Users/patch/vetro/lake_deploy_intake/threads_inbox/2026-01-30_lake_deploy_rebuild_intake/orchestration_schedule.md
1769744093	619	/Users/patch/vetro/lake_deploy_intake/threads_inbox/lake_deploy_rebuild_2026-01-30_v2/security_and_secrets.md
1769744089	1012	/Users/patch/vetro/lake_deploy_intake/threads_inbox/2026-01-30_lake_deploy_rebuild_intake/field_mapping.md
1769744088	1232	/Users/patch/vetro/lake_deploy_intake/threads_inbox/lake_deploy_rebuild_2026-01-30_v2/proofs_and_queries.md
1769744080	1424	/Users/patch/vetro/lake_deploy_intake/threads_inbox/2026-01-30_lake_deploy_rebuild_intake/schema_inventory.md
1769744080	1455	/Users/patch/vetro/lake_deploy_intake/threads_inbox/lake_deploy_rebuild_2026-01-30_v2/recon_and_exception_logic.md
1769744071	2606	/Users/patch/vetro/lake_deploy_intake/threads_inbox/lake_deploy_rebuild_2026-01-30_v2/orchestration_and_failure_modes.md
1769744070	5796	/Users/patch/vetro/lake_deploy_intake/threads_inbox/lake_deploy_rebuild_2026-01-30_v2/sources_index.md
1769744067	5439	/Users/patch/vetro/lake_deploy_intake/threads_inbox/2026-01-30_lake-deploy-rebuild-intake/source_index.md
1769744066	832	/Users/patch/vetro/lake_deploy_intake/threads_inbox/2026-01-30_lake_deploy_rebuild_intake/ssot_policy.md
1769744058	2165	/Users/patch/vetro/lake_deploy_intake/threads_inbox/2026-01-30_lake_deploy_rebuild_intake/s3_layout.md
1769744056	2086	/Users/patch/vetro/lake_deploy_intake/threads_inbox/lake_deploy_rebuild_2026-01-30_v2/schema_inventory_and_mapping.md
1769744049	2165	/Users/patch/vetro/lake_deploy_intake/threads_inbox/lake_deploy_rebuild_2026-01-30/sources_index.md
1769744043	2585	/Users/patch/vetro/lake_deploy_intake/threads_inbox/lake_deploy_rebuild_2026-01-30_v2/architecture_summary.md
1769744041	1658	/Users/patch/vetro/lake_deploy_intake/threads_inbox/2026-01-30_lake_deploy_rebuild_intake/architecture_summary.md
1769744039	175340	/Users/patch/vetro/lake_deploy_intake/source_exports/Skye Canyon Short Form Model_v3.xlsx
1769744039	9456	/Users/patch/vetro/lake_deploy_intake/source_exports/architecture_export_2026-01-09.md
1769744038	456	/Users/patch/vetro/lake_deploy_intake/threads_inbox/lake_deploy_rebuild_ops_2026-01-30/open_questions.md
1769744034	1770	/Users/patch/vetro/lake_deploy_intake/threads_inbox/lake_deploy_rebuild_2026-01-30_next/README.md
1769744032	551	/Users/patch/vetro/lake_deploy_intake/threads_inbox/lake_deploy_rebuild_ops_2026-01-30/deployed_vs_future.md
1769744031	1693	/Users/patch/vetro/lake_deploy_intake/threads_inbox/2026-01-30_lake_deploy_rebuild_intake/README.md
1769744027	671	/Users/patch/vetro/lake_deploy_intake/threads_inbox/lake_deploy_rebuild_ops_2026-01-30/security_and_secrets.md
1769744024	1208	/Users/patch/vetro/lake_deploy_intake/threads_inbox/2026-01-30_lake-deploy-rebuild-intake/security_and_secrets.md
1769744021	1935	/Users/patch/vetro/lake_deploy_intake/threads_inbox/lake_deploy_rebuild_2026-01-30_next/rebuild_runbook.md
1769744019	275	/Users/patch/vetro/lake_deploy_intake/threads_inbox/lake_deploy_rebuild_ops_2026-01-30/ssot_policy.md
1769744015	704	/Users/patch/vetro/lake_deploy_intake/threads_inbox/lake_deploy_rebuild_2026-01-30_next/deployed_vs_future.md
1769744014	1306	/Users/patch/vetro/lake_deploy_intake/threads_inbox/lake_deploy_rebuild_ops_2026-01-30/proofs.md
1769744010	710	/Users/patch/vetro/lake_deploy_intake/threads_inbox/lake_deploy_rebuild_2026-01-30_next/security_and_secrets.md
1769744009	1249	/Users/patch/vetro/lake_deploy_intake/threads_inbox/2026-01-30_lake-deploy-rebuild-intake/README.md
1769744006	1715	/Users/patch/vetro/lake_deploy_intake/threads_inbox/lake_deploy_rebuild_2026-01-30_next/proofs_and_queries.md
1769744004	790	/Users/patch/vetro/lake_deploy_intake/threads_inbox/lake_deploy_rebuild_ops_2026-01-30/recon_and_exceptions.md
1769744003	1745	/Users/patch/vetro/lake_deploy_intake/threads_inbox/lake_deploy_rebuild_2026-01-30/scripts_and_runbooks.md
1769744003	961	/Users/patch/vetro/lake_deploy_intake/threads_inbox/lake_deploy_rebuild_2026-01-30/current_vs_future_state.md
1769744003	1985	/Users/patch/vetro/lake_deploy_intake/threads_inbox/lake_deploy_rebuild_2026-01-30/proof_queries_expected_outcomes.md
1769744003	1498	/Users/patch/vetro/lake_deploy_intake/threads_inbox/lake_deploy_rebuild_2026-01-30/orchestration_schedule_failure_modes.md
1769744003	2590	/Users/patch/vetro/lake_deploy_intake/threads_inbox/lake_deploy_rebuild_2026-01-30/schema_inventory_and_mapping.md
1769743999	1409	/Users/patch/vetro/lake_deploy_intake/threads_inbox/lake_deploy_rebuild_2026-01-30_next/recon_and_exceptions.md
1769743999	2043	/Users/patch/vetro/lake_deploy_intake/source_exports/20_vetro_plan_exports.sql
1769743999	2990	/Users/patch/vetro/lake_deploy_intake/source_exports/11_gaiia_invoices.sql
1769743999	2886	/Users/patch/vetro/lake_deploy_intake/source_exports/10_gaiia_customers.sql
1769743999	1181	/Users/patch/vetro/lake_deploy_intake/source_exports/04_project_updates.sql
1769743999	1123	/Users/patch/vetro/lake_deploy_intake/source_exports/03_deliverables_insert.sql
1769743999	927	/Users/patch/vetro/lake_deploy_intake/source_exports/02_deliverables_schema.sql
1769743999	804	/Users/patch/vetro/lake_deploy_intake/source_exports/01_deliverables.sql
1769743999	572	/Users/patch/vetro/lake_deploy_intake/source_exports/00_ssot_daily_summary.sql
1769743999	1674	/Users/patch/vetro/lake_deploy_intake/source_exports/01_projects_enriched.sql
1769743999	469	/Users/patch/vetro/lake_deploy_intake/source_exports/00_notion_index.sql
1769743999	73553	/Users/patch/vetro/lake_deploy_intake/source_exports/package-lock.json
1769743999	270	/Users/patch/vetro/lake_deploy_intake/source_exports/package.json
1769743999	229	/Users/patch/vetro/lake_deploy_intake/source_exports/Dockerfile
1769743999	22766	/Users/patch/vetro/lake_deploy_intake/source_exports/index.js
1769743999	24682	/Users/patch/vetro/lake_deploy_intake/source_exports/ssot_global_orchestrator.py
1769743999	17375	/Users/patch/vetro/lake_deploy_intake/source_exports/vetro_export_lambda.py
1769743999	7560	/Users/patch/vetro/lake_deploy_intake/source_exports/notion_fetch.py
1769743999	1692	/Users/patch/vetro/lake_deploy_intake/source_exports/validate.sh
1769743999	924	/Users/patch/vetro/lake_deploy_intake/source_exports/deploy.sh
1769743999	13182	/Users/patch/vetro/lake_deploy_intake/source_exports/intacct_ingest.sh
1769743999	1878	/Users/patch/vetro/lake_deploy_intake/source_exports/intacct_runbook.md
1769743999	1791	/Users/patch/vetro/lake_deploy_intake/source_exports/BASE44_PIPELINE_UPDATE.md
1769743999	21657	/Users/patch/vetro/lake_deploy_intake/source_exports/mac_full_export_1769521214820.json
1769743999	24047	/Users/patch/vetro/lake_deploy_intake/source_exports/rebuild_package.json
1769743999	10307	/Users/patch/vetro/lake_deploy_intake/source_exports/REBUILD_GUIDE.md
1769743999	18311	/Users/patch/vetro/lake_deploy_intake/source_exports/mac_comprehensive_audit_1769521199212.json
1769743999	1855	/Users/patch/vetro/lake_deploy_intake/source_exports/ANSWER_FORMAT_RUNBOOK.md
1769743999	1324	/Users/patch/vetro/lake_deploy_intake/source_exports/BASE44_STRUCTURED_RESPONSE.md
1769743999	968	/Users/patch/vetro/lake_deploy_intake/source_exports/SECURITY_SECRETS.md
1769743999	4482	/Users/patch/vetro/lake_deploy_intake/source_exports/RUNBOOKS.md
1769743999	328	/Users/patch/vetro/lake_deploy_intake/source_exports/22_curated_platt_billing_summary.sql
1769743999	627	/Users/patch/vetro/lake_deploy_intake/source_exports/21_platt_reconciliation.sql
1769743999	1177	/Users/patch/vetro/lake_deploy_intake/source_exports/20_curated_platt.sql
1769743999	1946	/Users/patch/vetro/lake_deploy_intake/source_exports/10_curated_vetro_rollup.sql
1769743999	11014	/Users/patch/vetro/lake_deploy_intake/source_exports/03_raw_platt_tables.sql
1769743999	941	/Users/patch/vetro/lake_deploy_intake/source_exports/02_raw_vetro_projection.sql
1769743999	741	/Users/patch/vetro/lake_deploy_intake/source_exports/01_raw_vetro_ddl.sql
1769743999	4764	/Users/patch/vetro/lake_deploy_intake/source_exports/vetro_export_stack.yaml
1769743999	1609	/Users/patch/vetro/lake_deploy_intake/source_exports/README.md
1769743999	614	/Users/patch/vetro/lake_deploy_intake/source_exports/validate_vetro_export.sh
1769743999	2036	/Users/patch/vetro/lake_deploy_intake/source_exports/deploy_vetro_export.md
1769743999	1412	/Users/patch/vetro/lake_deploy_intake/source_exports/deploy_vetro_export.sh
1769743999	1170	/Users/patch/vetro/lake_deploy_intake/source_exports/lake_runbook.md
1769743999	1240	/Users/patch/vetro/lake_deploy_intake/source_exports/RELEASE_LOG.md
1769743999	4345	/Users/patch/vetro/lake_deploy_intake/source_exports/notion_access_runbook.md
1769743999	2274	/Users/patch/vetro/lake_deploy_intake/source_exports/investor_proof_pack.json
1769743999	4791	/Users/patch/vetro/lake_deploy_intake/source_exports/investor_answers.md
1769743999	2613	/Users/patch/vetro/lake_deploy_intake/source_exports/investor_memo.md
1769743999	16934	/Users/patch/vetro/lake_deploy_intake/source_exports/investor_questions_2026_v2_review.md
1769743999	59219	/Users/patch/vetro/lake_deploy_intake/source_exports/investor_questions_2026_v2_all_lines.csv
1769743999	15600	/Users/patch/vetro/lake_deploy_intake/source_exports/investor_questions_2026_v2_questions.csv
1769743999	7001	/Users/patch/vetro/lake_deploy_intake/source_exports/platt_full_history_sql.sql
1769743999	7048	/Users/patch/vetro/lake_deploy_intake/source_exports/platt_full_history.sql
1769743999	19003	/Users/patch/vetro/lake_deploy_intake/source_exports/intacct_ingest_no_tee.sh.bak.20260124T031820Z
1769743999	19003	/Users/patch/vetro/lake_deploy_intake/source_exports/intacct_ingest_no_tee.sh.bak.20260124T031634Z
1769743999	19003	/Users/patch/vetro/lake_deploy_intake/source_exports/intacct_ingest_no_tee.sh.bak.20260124T025643Z
1769743999	23130	/Users/patch/vetro/lake_deploy_intake/source_exports/intacct_ingest_no_tee.sh
1769743999	6397	/Users/patch/vetro/lake_deploy_intake/source_exports/VETRO_BASE44_RUNBOOK_2026-01-28.md
1769743999	8963	/Users/patch/vetro/lake_deploy_intake/source_exports/handoff_runbook_self_contained_2026-01-26.md
1769743999	5815	/Users/patch/vetro/lake_deploy_intake/source_exports/handoff_runbook_full_2026-01-26.md
1769743999	2794	/Users/patch/vetro/lake_deploy_intake/source_exports/gaiia_runbook_self_contained_2026-01-26.md
1769743999	2463	/Users/patch/vetro/lake_deploy_intake/source_exports/gaiia_runbook_2026-01-26.md
1769743999	3390	/Users/patch/vetro/lake_deploy_intake/source_exports/gaiia_query_registry.json
1769743999	2954	/Users/patch/vetro/lake_deploy_intake/source_exports/integration_gaps.md
1769743999	4672	/Users/patch/vetro/lake_deploy_intake/source_exports/coverage_map.json
1769743999	1003	/Users/patch/vetro/lake_deploy_intake/source_exports/lc_pipeline_formula_map.json
1769743999	3305	/Users/patch/vetro/lake_deploy_intake/source_exports/base44_project_pipeline_mapping.json
1769743999	1307	/Users/patch/vetro/lake_deploy_intake/source_exports/platt_mapping.md
1769743999	14944	/Users/patch/vetro/lake_deploy_intake/source_exports/platt_schema.csv
1769743999	5362	/Users/patch/vetro/lake_deploy_intake/source_exports/run_manifest.json
1769743995	1245	/Users/patch/vetro/lake_deploy_intake/threads_inbox/lake_deploy_rebuild_intake_2026-01-30_v3/README.md
1769743993	1434	/Users/patch/vetro/lake_deploy_intake/threads_inbox/lake_deploy_rebuild_2026-01-30_next/orchestration_and_failures.md
1769743988	995	/Users/patch/vetro/lake_deploy_intake/threads_inbox/lake_deploy_rebuild_2026-01-30_next/s3_layout.md
1769743983	3363	/Users/patch/vetro/lake_deploy_intake/threads_inbox/lake_deploy_rebuild_2026-01-30_next/schema_inventory.md
1769743981	809	/Users/patch/vetro/lake_deploy_intake/threads_inbox/lake_deploy_rebuild_intake_2026-01-30_v3/data_sources.md
1769743979	1306	/Users/patch/vetro/lake_deploy_intake/threads_inbox/lake_deploy_rebuild_ops_2026-01-30/orchestration_and_failure_modes.md
1769743979	1450	/Users/patch/vetro/lake_deploy_intake/threads_inbox/lake_deploy_rebuild_2026-01-30_next/architecture_summary.md
1769743972	864	/Users/patch/vetro/lake_deploy_intake/threads_inbox/lake_deploy_rebuild_intake_2026-01-30_v3/scripts_iac_index.md
1769743968	1343	/Users/patch/vetro/lake_deploy_intake/threads_inbox/lake_deploy_rebuild_ops_2026-01-30/schema_inventory.md
1769743957	965	/Users/patch/vetro/lake_deploy_intake/threads_inbox/lake_deploy_rebuild_intake_2026-01-30_v3/ssot_policy.md
1769743956	674	/Users/patch/vetro/lake_deploy_intake/threads_inbox/lake_deploy_rebuild_ops_2026-01-30/s3_layout.md
1769743949	3191	/Users/patch/vetro/lake_deploy_intake/threads_inbox/2026-01-30_lake-deploy-rebuild-intake/rebuild_runbook.md
1769743947	972	/Users/patch/vetro/lake_deploy_intake/threads_inbox/lake_deploy_rebuild_ops_2026-01-30/architecture_summary.md
1769743947	1903	/Users/patch/vetro/lake_deploy_intake/threads_inbox/lake_deploy_rebuild_intake_2026-01-30_v3/rebuild_runbook.md
1769743938	1252	/Users/patch/vetro/lake_deploy_intake/threads_inbox/lake_deploy_rebuild_ops_2026-01-30/README.md
1769743930	1521	/Users/patch/vetro/lake_deploy_intake/threads_inbox/lake_deploy_rebuild_intake_2026-01-30/README.md
1769743929	4601	/Users/patch/vetro/lake_deploy_intake/threads_inbox/lake_deploy_rebuild_intake_2026-01-30/sources_index.md
1769743928	1979	/Users/patch/vetro/lake_deploy_intake/threads_inbox/2026-01-30_lake-deploy-rebuild-intake/deployed_vs_future.md
1769743927	692	/Users/patch/vetro/lake_deploy_intake/threads_inbox/lake_deploy_rebuild_intake_2026-01-30_v3/open_questions.md
1769743917	619	/Users/patch/vetro/lake_deploy_intake/threads_inbox/lake_deploy_rebuild_intake_2026-01-30_v3/deployed_vs_future.md
1769743917	9064	/Users/patch/vetro/lake_deploy_intake/source_exports/inventory_tables.csv
1769743907	819	/Users/patch/vetro/lake_deploy_intake/threads_inbox/lake_deploy_rebuild_intake_2026-01-30_v3/security_secrets.md
1769743905	2201	/Users/patch/vetro/lake_deploy_intake/threads_inbox/2026-01-30_lake-deploy-rebuild-intake/proofs.md
1769743904	1327	/Users/patch/vetro/lake_deploy_intake/source_exports/base44_updates/BASE44_PIPELINE_UPDATE.md
1769743900	3430	/Users/patch/vetro/lake_deploy_intake/threads_inbox/lake_deploy_rebuild_intake_2026-01-30/rebuild_runbook.md
1769743899	21657	/Users/patch/vetro/lake_deploy_intake/source_exports/base44_exports/mac_full_export_1769521214820.json
1769743899	24047	/Users/patch/vetro/lake_deploy_intake/source_exports/base44_exports/rebuild_package.json
1769743899	10307	/Users/patch/vetro/lake_deploy_intake/source_exports/base44_exports/REBUILD_GUIDE.md
1769743899	18311	/Users/patch/vetro/lake_deploy_intake/source_exports/base44_exports/mac_comprehensive_audit_1769521199212.json
1769743899	15029	/Users/patch/vetro/lake_deploy_intake/source_exports/base44_exports/architecture_export_2026-01-27.md
1769743898	1664	/Users/patch/vetro/lake_deploy_intake/threads_inbox/lake_deploy_rebuild_intake_2026-01-30_v3/proofs.md
1769743891	1965	/Users/patch/vetro/lake_deploy_intake/threads_inbox/lake_deploy_rebuild_2026-01-29/README.md
1769743889	1706	/Users/patch/vetro/lake_deploy_intake/threads_inbox/2026-01-30_lake-deploy-rebuild-intake/recon_exceptions.md
1769743885	711	/Users/patch/vetro/lake_deploy_intake/threads_inbox/lake_deploy_rebuild_intake_2026-01-30/open_questions.md
1769743885	1298	/Users/patch/vetro/lake_deploy_intake/threads_inbox/lake_deploy_rebuild_intake_2026-01-30/sources_referenced.md
1769743885	547	/Users/patch/vetro/lake_deploy_intake/threads_inbox/lake_deploy_rebuild_intake_2026-01-30/security_and_secrets.md
1769743885	924	/Users/patch/vetro/lake_deploy_intake/threads_inbox/lake_deploy_rebuild_intake_2026-01-30/proofs_and_validation.md
1769743885	910	/Users/patch/vetro/lake_deploy_intake/threads_inbox/lake_deploy_rebuild_intake_2026-01-30/recon_and_exception_logic.md
1769743885	1383	/Users/patch/vetro/lake_deploy_intake/threads_inbox/lake_deploy_rebuild_intake_2026-01-30/orchestration_and_failure_modes.md
1769743885	1797	/Users/patch/vetro/lake_deploy_intake/threads_inbox/lake_deploy_rebuild_intake_2026-01-30/schema_inventory.md
1769743885	1560	/Users/patch/vetro/lake_deploy_intake/threads_inbox/lake_deploy_rebuild_intake_2026-01-30/s3_layout.md
1769743885	1858	/Users/patch/vetro/lake_deploy_intake/threads_inbox/lake_deploy_rebuild_intake_2026-01-30/architecture_summary.md
1769743881	1208	/Users/patch/vetro/lake_deploy_intake/threads_inbox/lake_deploy_rebuild_intake_2026-01-30_v3/recon_exception.md
1769743879	1895	/Users/patch/vetro/lake_deploy_intake/threads_inbox/lake_deploy_rebuild_intake_2026-01-30/deployed_vs_future_state.md
1769743877	461	/Users/patch/vetro/lake_deploy_intake/source_exports/03_gl_freshness.sql
1769743877	600	/Users/patch/vetro/lake_deploy_intake/source_exports/02_gl_revenue.sql
1769743877	317	/Users/patch/vetro/lake_deploy_intake/source_exports/01_passings_split.sql
1769743877	3459	/Users/patch/vetro/lake_deploy_intake/source_exports/handoff_runbook_2026-01-26.md
1769743877	1844	/Users/patch/vetro/lake_deploy_intake/threads_inbox/lake_deploy_rebuild_2026-01-29/08_rebuild_steps.md
1769743876	2355	/Users/patch/vetro/lake_deploy_intake/threads_inbox/2026-01-30_lake-deploy-rebuild-intake/orchestration_failure_modes.md
1769743869	1650	/Users/patch/vetro/lake_deploy_intake/threads_inbox/lake_deploy_rebuild_intake_2026-01-30_v3/orchestration_schedule.md
1769743863	3351	/Users/patch/vetro/lake_deploy_intake/threads_inbox/2026-01-30_lake-deploy-rebuild-intake/schema_inventory.md
1769743861	1009	/Users/patch/vetro/lake_deploy_intake/threads_inbox/lake_deploy_rebuild_2026-01-29/07_deployed_vs_future.md
1769743852	2894	/Users/patch/vetro/lake_deploy_intake/threads_inbox/lake_deploy_rebuild_intake_2026-01-30_v3/schema_inventory.md
1769743842	1583	/Users/patch/vetro/lake_deploy_intake/threads_inbox/lake_deploy_rebuild_intake_2026-01-30/recon_ssot_policy.md
1769743841	3421	/Users/patch/vetro/lake_deploy_intake/threads_inbox/2026-01-30_lake-deploy-rebuild-intake/architecture_summary.md
1769743831	2338	/Users/patch/vetro/lake_deploy_intake/threads_inbox/lake_deploy_rebuild_intake_2026-01-30/orchestration_and_schedule.md
1769743829	2749	/Users/patch/vetro/lake_deploy_intake/threads_inbox/lake_deploy_rebuild_2026-01-29/05_proof_queries.md
1769743826	3714	/Users/patch/vetro/lake_deploy_intake/threads_inbox/lake_deploy_rebuild_intake_2026-01-30_v3/architecture_summary.md
1769743822	945	/Users/patch/vetro/lake_deploy_intake/threads_inbox/lake_deploy_rebuild_intake_2026-01-30/ssot_policy_summary.md
1769743819	47242	/Users/patch/vetro/lake_deploy_intake/source_exports/vetro_network_map_1768535215664.csv
1769743819	46616	/Users/patch/vetro/lake_deploy_intake/source_exports/vetro_network_map_1768533914995.csv
1769743819	4167821	/Users/patch/vetro/lake_deploy_intake/source_exports/vetro_layers_preview_full.html
1769743819	9631249	/Users/patch/vetro/lake_deploy_intake/source_exports/vetro_layers_preview_all_non_fcc.html
1769743819	337819	/Users/patch/vetro/lake_deploy_intake/source_exports/vetro_layers_preview.html
1769743819	209564	/Users/patch/vetro/lake_deploy_intake/source_exports/vetro_pins.geojson
1769743819	398000	/Users/patch/vetro/lake_deploy_intake/source_exports/vetro_polygons.geojson
1769743819	4468203	/Users/patch/vetro/lake_deploy_intake/source_exports/vetro_lines_by_placement.geojson
1769743819	4552334	/Users/patch/vetro/lake_deploy_intake/source_exports/vetro_lines_by_owner.geojson
1769743819	126424	/Users/patch/vetro/lake_deploy_intake/source_exports/vetro_lines.geojson
1769743819	11301	/Users/patch/vetro/lake_deploy_intake/source_exports/platt_gl_to_svc_reference.csv
1769743819	8602866	/Users/patch/vetro/lake_deploy_intake/source_exports/platt_gl_revenue_mapping_2025_11.numbers
1769743819	6864396	/Users/patch/vetro/lake_deploy_intake/source_exports/platt_gl_revenue_mapping_2025_11.csv
1769743819	6922745	/Users/patch/vetro/lake_deploy_intake/source_exports/platt_gl_mapping_2025_11.csv
1769743819	35884	/Users/patch/vetro/lake_deploy_intake/source_exports/platt_gl_mapping_2025.csv
1769743819	5220	/Users/patch/vetro/lake_deploy_intake/source_exports/perms_datalake_01_15_2026.csv
1769743819	671012	/Users/patch/vetro/lake_deploy_intake/source_exports/MRR_FY2025_Jan-Dec__by_customer_id__PIVOT__from_lake__curated_core_v_monthly_mrr_platt.csv
1769743819	2390571	/Users/patch/vetro/lake_deploy_intake/source_exports/MRR_FY2025_Jan-Dec__by_customer_id__LONG__from_lake__curated_core_v_monthly_mrr_platt.csv
1769743819	264200	/Users/patch/vetro/lake_deploy_intake/source_exports/cci_margin_bands_from_lake.csv
1769743817	4344	/Users/patch/vetro/lake_deploy_intake/threads_inbox/lake_deploy_rebuild_intake_2026-01-30/schema_inventory_and_mappings.md
1769743810	1791	/Users/patch/vetro/lake_deploy_intake/threads_inbox/lake_deploy_rebuild_intake_2026-01-30/recon_and_proofs.md
1769743790	1619	/Users/patch/vetro/lake_deploy_intake/threads_inbox/lake_deploy_rebuild_2026-01-29/04_recon_ssot.md
1769743790	1117	/Users/patch/vetro/lake_deploy_intake/threads_inbox/lake_deploy_rebuild_intake_2026-01-30/whats_deployed_vs_future.md
1769743782	1634	/Users/patch/vetro/lake_deploy_intake/threads_inbox/lake_deploy_rebuild_intake_2026-01-30/runbook_rebuild_steps.md
1769743779	2315	/Users/patch/vetro/lake_deploy_intake/threads_inbox/lake_deploy_rebuild_2026-01-29/03_orchestration_and_failure_modes.md
1769743773	2373	/Users/patch/vetro/lake_deploy_intake/threads_inbox/lake_deploy_rebuild_intake_2026-01-30/data_flow_and_s3_layout.md
1769743772	5362	/Users/patch/vetro/lake_deploy_intake/source_exports/run_manifest/run_manifest.json
1769743768	3390	/Users/patch/vetro/lake_deploy_intake/source_exports/gaiia/gaiia_query_registry.json
1769743766	461	/Users/patch/vetro/lake_deploy_intake/source_exports/proofpack/03_gl_freshness.sql
1769743766	600	/Users/patch/vetro/lake_deploy_intake/source_exports/proofpack/02_gl_revenue.sql
1769743766	317	/Users/patch/vetro/lake_deploy_intake/source_exports/proofpack/01_passings_split.sql
1769743763	4672	/Users/patch/vetro/lake_deploy_intake/source_exports/mappings/coverage_map.json
1769743763	1003	/Users/patch/vetro/lake_deploy_intake/source_exports/mappings/lc_pipeline_formula_map.json
1769743763	3305	/Users/patch/vetro/lake_deploy_intake/source_exports/mappings/base44_project_pipeline_mapping.json
1769743761	3607	/Users/patch/vetro/lake_deploy_intake/threads_inbox/lake_deploy_rebuild_2026-01-29/02_schema_inventory.md
1769743760	2613	/Users/patch/vetro/lake_deploy_intake/source_exports/investor/investor_memo.md
1769743760	4791	/Users/patch/vetro/lake_deploy_intake/source_exports/investor/investor_answers.md
1769743760	16934	/Users/patch/vetro/lake_deploy_intake/source_exports/investor/investor_questions_2026_v2_review.md
1769743760	15600	/Users/patch/vetro/lake_deploy_intake/source_exports/investor/investor_questions_2026_v2_questions.csv
1769743760	59219	/Users/patch/vetro/lake_deploy_intake/source_exports/investor/investor_questions_2026_v2_all_lines.csv
1769743760	2274	/Users/patch/vetro/lake_deploy_intake/source_exports/investor/investor_proof_pack.json
1769743756	7001	/Users/patch/vetro/lake_deploy_intake/source_exports/platt/platt_full_history_sql.sql
1769743756	7048	/Users/patch/vetro/lake_deploy_intake/source_exports/platt/platt_full_history.sql
1769743756	1307	/Users/patch/vetro/lake_deploy_intake/source_exports/platt/platt_mapping.md
1769743756	14944	/Users/patch/vetro/lake_deploy_intake/source_exports/platt/platt_schema.csv
1769743752	24047	/Users/patch/vetro/lake_deploy_intake/source_exports/base44_exports_lake_deploy_repo/rebuild_package.json
1769743752	21657	/Users/patch/vetro/lake_deploy_intake/source_exports/base44_exports_lake_deploy_repo/mac_full_export_1769521214820.json
1769743752	18311	/Users/patch/vetro/lake_deploy_intake/source_exports/base44_exports_lake_deploy_repo/mac_comprehensive_audit_1769521199212.json
1769743752	15029	/Users/patch/vetro/lake_deploy_intake/source_exports/base44_exports_lake_deploy_repo/architecture_export_2026-01-27.md
1769743752	10307	/Users/patch/vetro/lake_deploy_intake/source_exports/base44_exports_lake_deploy_repo/REBUILD_GUIDE.md
1769743748	24047	/Users/patch/vetro/lake_deploy_intake/source_exports/base44_exports_lake_deploy/rebuild_package.json
1769743748	21657	/Users/patch/vetro/lake_deploy_intake/source_exports/base44_exports_lake_deploy/mac_full_export_1769521214820.json
1769743748	18311	/Users/patch/vetro/lake_deploy_intake/source_exports/base44_exports_lake_deploy/mac_comprehensive_audit_1769521199212.json
1769743748	15029	/Users/patch/vetro/lake_deploy_intake/source_exports/base44_exports_lake_deploy/architecture_export_2026-01-27.md
1769743748	10307	/Users/patch/vetro/lake_deploy_intake/source_exports/base44_exports_lake_deploy/REBUILD_GUIDE.md
1769743732	1135	/Users/patch/vetro/lake_deploy_intake/threads_inbox/lake_deploy_rebuild_intake_2026-01-30/recon_and_ssot_policy.md
1769743714	2760	/Users/patch/vetro/lake_deploy_intake/threads_inbox/lake_deploy_rebuild_2026-01-29/00_architecture_summary.md
1769743713	2372	/Users/patch/vetro/lake_deploy_intake/threads_inbox/lake_deploy_rebuild_intake_2026-01-30/schemas_and_tables.md
1769743696	3902	/Users/patch/vetro/lake_deploy_intake/threads_inbox/lake_deploy_rebuild_intake_2026-01-30/data_sources_inventory.md
1769743671	2746	/Users/patch/vetro/lake_deploy_intake/threads_inbox/intacct_glentry_rebuild_2026-01-30/schema_inventory.md
1769743667	41989	/Users/patch/vetro/lake_deploy_intake/threads_inbox/lake_deploy_rebuild_intake_2026-01-30/source_inventory.txt
1769743640	2560	/Users/patch/vetro/lake_deploy_intake/threads_inbox/intacct_glentry_rebuild_2026-01-30/architecture_summary.md
1769743592	1611	/Users/patch/vetro/lake_deploy_intake/source_exports/vetro_geometry_runbook.md
1769706180	1099	/Users/patch/vetro/lake_deploy_intake/source_exports/vetro_manual_batch2_2026-01-30/portland-west-end-plan-EInEN1Qh3jCpPeOspVAat.zip
1769706171	920	/Users/patch/vetro/lake_deploy_intake/source_exports/vetro_manual_batch2_2026-01-30/portland-deering-ctr-to-nasons-corner-plan-7EzNJTPWBKYaERcYB5rzF.zip
1769706162	904	/Users/patch/vetro/lake_deploy_intake/source_exports/vetro_manual_batch2_2026-01-30/portland-forest-and-woodford-plan-HiNROUPiGRA6M_RdBgcdu.zip
1769706150	870	/Users/patch/vetro/lake_deploy_intake/source_exports/vetro_manual_batch2_2026-01-30/portland-rosemont-large-scale-plan-XTXeI-sSrNofbu_7hfN9N.zip
1769706141	756	/Users/patch/vetro/lake_deploy_intake/source_exports/vetro_manual_batch2_2026-01-30/millinocket-opp-zone-east-millinocket-plan-J-eVq4BKJx3i2HVJ3PhRK.zip
1769706128	839	/Users/patch/vetro/lake_deploy_intake/source_exports/vetro_manual_batch2_2026-01-30/millinocket-oz-millinocket-plan-GF17v6twUrlDalBKh3BBW.zip
1769706121	927	/Users/patch/vetro/lake_deploy_intake/source_exports/vetro_manual_batch2_2026-01-30/saco-opp-zone-route-1-plan-g6AjsTNiQ187zRly_wCx9.zip
1769706110	911	/Users/patch/vetro/lake_deploy_intake/source_exports/vetro_manual_batch2_2026-01-30/saco-opp-zone-downtown-plan-3mVYBlrb9wk-XgvNcwLoa.zip
1769706101	853	/Users/patch/vetro/lake_deploy_intake/source_exports/vetro_manual_batch2_2026-01-30/south-bath-opp-zone-dense-plan-JHP2_MY1Mwe9s9Zk0Ko27.zip
1769706089	753	/Users/patch/vetro/lake_deploy_intake/source_exports/vetro_manual_batch2_2026-01-30/brunswick-oz-wildwood-plan-tYjdHtkOc-OZgQcNldXZt.zip
1769706080	813	/Users/patch/vetro/lake_deploy_intake/source_exports/vetro_manual_batch2_2026-01-30/rumford-oz-downtown-plan-sXGTZdK36gwa5petnCqhv.zip
1769706071	839	/Users/patch/vetro/lake_deploy_intake/source_exports/vetro_manual_batch2_2026-01-30/madison-opp-zone-downtown-plan-hawbjbTSeZUQU8lttV262.zip
1769706060	868	/Users/patch/vetro/lake_deploy_intake/source_exports/vetro_manual_batch2_2026-01-30/paris-norway-oz-downtown-plan-QoAm19VrDhS61Sx_j7CKp.zip
1769706051	1074	/Users/patch/vetro/lake_deploy_intake/source_exports/vetro_manual_batch2_2026-01-30/belfast-oz-route-1-and-downtown-plan-GjSuOL7xpA5rW-2GwWZLP.zip
1769706041	1034	/Users/patch/vetro/lake_deploy_intake/source_exports/vetro_manual_batch2_2026-01-30/rumford-oz-downtown-and-mexico-plan-uUC2hphZJHmymRg2fsuu6.zip
1769706032	906	/Users/patch/vetro/lake_deploy_intake/source_exports/vetro_manual_batch2_2026-01-30/brunswick-oz-old-bath-rd-plan-Dss6QvPZgN2a5DwyWRZFv.zip
1769706021	782	/Users/patch/vetro/lake_deploy_intake/source_exports/vetro_manual_batch2_2026-01-30/lewiston-opp-zone-plan-epJXOCzFYXX7BumriAIM3.zip
1769706010	786	/Users/patch/vetro/lake_deploy_intake/source_exports/vetro_manual_batch2_2026-01-30/chesterville-rus-hood-plan-8BVvxgGYCWh06y8Qm8lRK.zip
1769705999	801	/Users/patch/vetro/lake_deploy_intake/source_exports/vetro_manual_batch2_2026-01-30/new-sharon-rus-hood-plan-sbOGn03CxgytfocY-gUf9.zip
1769705990	768	/Users/patch/vetro/lake_deploy_intake/source_exports/vetro_manual_batch2_2026-01-30/farmington-rus-hood-plan-Wiv3pFrUmCJNaN2P6oYkX.zip
1769705980	977	/Users/patch/vetro/lake_deploy_intake/source_exports/vetro_manual_batch2_2026-01-30/millinocket-opp-zone-plan-1wQrFjyiPkfmsbzz_aEOm.zip
1769705967	804	/Users/patch/vetro/lake_deploy_intake/source_exports/vetro_manual_batch2_2026-01-30/somerville-rus-hood-plan-TrZf9hwiipITtoPMswTvg.zip
1769705957	1014	/Users/patch/vetro/lake_deploy_intake/source_exports/vetro_manual_batch2_2026-01-30/south-portland-large-scale-hood-plan-1Rwe2OXJrMIpGC_LIZDdK.zip
1769705947	925	/Users/patch/vetro/lake_deploy_intake/source_exports/vetro_manual_batch2_2026-01-30/sanford-large-scale-hood-plan-nBjPWFOzsJUw-yg1_BfF6.zip
1769705938	858	/Users/patch/vetro/lake_deploy_intake/source_exports/vetro_manual_batch2_2026-01-30/wells-large-scale-hood-plan-tFELQavuwHdUQvL3Dy3hz.zip
1769705928	789	/Users/patch/vetro/lake_deploy_intake/source_exports/vetro_manual_batch2_2026-01-30/arundel-large-scale-hood-plan-jwlSdgJnXxrZRlMA7jWvH.zip
1769705919	838	/Users/patch/vetro/lake_deploy_intake/source_exports/vetro_manual_batch2_2026-01-30/kennebunkport-large-scale-hood-plan-p2bZZFGgvVGOeDYF7b89Y.zip
1769705908	897	/Users/patch/vetro/lake_deploy_intake/source_exports/vetro_manual_batch2_2026-01-30/kennebunk-large-scale-hood-plan-oiDx58JjYHR_9nBA8x7xV.zip
1769705899	842	/Users/patch/vetro/lake_deploy_intake/source_exports/vetro_manual_batch2_2026-01-30/york-large-scale-hood-plan-h8o04_-3Qkf_FKYy4PHAk.zip
1769705891	846	/Users/patch/vetro/lake_deploy_intake/source_exports/vetro_manual_batch2_2026-01-30/rumford-mexico-large-scale-hood-plan-CCBjM0Gp7m2-JC7zzrE0W.zip
1769705878	793	/Users/patch/vetro/lake_deploy_intake/source_exports/vetro_manual_batch2_2026-01-30/gorham-large-scale-hood-plan-6i4anOwPfJauA0DlSc9TJ.zip
1769705868	808	/Users/patch/vetro/lake_deploy_intake/source_exports/vetro_manual_batch2_2026-01-30/windham-large-scale-hood-plan-OZh07jK-zA2Wsw3UMVWJk.zip
1769705846	926	/Users/patch/vetro/lake_deploy_intake/source_exports/vetro_manual_batch2_2026-01-30/westbrook-large-scale-hood-plan-bAoebBarO1NTsDjFSQsyD.zip
1769705836	916	/Users/patch/vetro/lake_deploy_intake/source_exports/vetro_manual_batch2_2026-01-30/falmouth-large-scale-hood-plan-zK56o8TPoKK6GNu7w4juG.zip
1769705827	832	/Users/patch/vetro/lake_deploy_intake/source_exports/vetro_manual_batch2_2026-01-30/cumberland-large-scale-hood-plan-8P9QtLobXwHJf_IC400iM.zip
1769705814	869	/Users/patch/vetro/lake_deploy_intake/source_exports/vetro_manual_batch2_2026-01-30/yarmouth-large-scale-hood-plan-cujEk7LI8h6LBnNK9wvkV.zip
1769705803	888	/Users/patch/vetro/lake_deploy_intake/source_exports/vetro_manual_batch2_2026-01-30/freeport-large-scale-hood-plan-8kXFjxcpgatbqwpJgS4XE.zip
1769705790	997	/Users/patch/vetro/lake_deploy_intake/source_exports/vetro_manual_batch2_2026-01-30/madison-opp-zone-plan-eL_nUeP6NM3ikVt6x7rg2.zip
1769705781	816	/Users/patch/vetro/lake_deploy_intake/source_exports/vetro_manual_batch2_2026-01-30/saco-opp-zone-plan-6eKBQEc198neRFLAY3VgO.zip
1769705770	928	/Users/patch/vetro/lake_deploy_intake/source_exports/vetro_manual_batch2_2026-01-30/south-bath-opp-zone-plan-NLfP_bZyuEzTJJyFBLQds.zip
1769705761	865	/Users/patch/vetro/lake_deploy_intake/source_exports/vetro_manual_batch2_2026-01-30/paris-norway-opp-zone-plan-GuS2OvLBhrvtRd2Fii9H5.zip
1769705750	844	/Users/patch/vetro/lake_deploy_intake/source_exports/vetro_manual_batch2_2026-01-30/belfast-opp-zone-plan-Ipjipla98R1-lpFH10yYM.zip
1769705738	1053	/Users/patch/vetro/lake_deploy_intake/source_exports/vetro_manual_batch2_2026-01-30/brunswick-opp-zone-plan-UIELpi6iWQ5b4qub4D412.zip
1769705729	819	/Users/patch/vetro/lake_deploy_intake/source_exports/vetro_manual_batch2_2026-01-30/rumford-to-hanover-opp-plan-LL-LyLfdFRz06UwHcTRTE.zip
1769705719	889	/Users/patch/vetro/lake_deploy_intake/source_exports/vetro_manual_batch2_2026-01-30/topsham-large-scale-hood-plan-OkG2SSi-jaYDbRGSgATMz.zip
1769705710	945	/Users/patch/vetro/lake_deploy_intake/source_exports/vetro_manual_batch2_2026-01-30/brunswick-large-scale-hood-plan-Kbud-RMOInRR_8Iy_rkdt.zip
1769705692	1036	/Users/patch/vetro/lake_deploy_intake/source_exports/vetro_manual_batch2_2026-01-30/auburn-large-scale-hood-plan-L_pOxBbeCC_HyeSUCnsaA.zip
1769705683	892	/Users/patch/vetro/lake_deploy_intake/source_exports/vetro_manual_batch2_2026-01-30/lewiston-large-scale-hood-plan-JTMGyFf2FUS7oMHX7E0OW.zip
1769705674	854	/Users/patch/vetro/lake_deploy_intake/source_exports/vetro_manual_batch2_2026-01-30/scarborough-large-scale-hood-plan-9y9ZQeoWHUqxwcaUoJ5i6.zip
1769705665	1087	/Users/patch/vetro/lake_deploy_intake/source_exports/vetro_manual_batch2_2026-01-30/saco-large-scale-hood-plan-f3GyWbQo7DuQxSKmwwDes.zip
1769705655	1084	/Users/patch/vetro/lake_deploy_intake/source_exports/vetro_manual_batch2_2026-01-30/biddeford-large-scale-hood-plan-YGFCRbPaxWpWolDkUpCR-.zip
1769705645	790	/Users/patch/vetro/lake_deploy_intake/source_exports/vetro_manual_batch2_2026-01-30/dixfield-rus-hood-plan-YdikujV-XWkJUOVWiHRJX.zip
1769705632	958	/Users/patch/vetro/lake_deploy_intake/source_exports/vetro_manual_batch2_2026-01-30/raymond-rus-hood-plan-P3y_QvIcAG0QpQbgnqLBA.zip
1769705622	1028	/Users/patch/vetro/lake_deploy_intake/source_exports/vetro_manual_batch2_2026-01-30/sebago-rus-hood-plan-RX7heuwVqwZAOzJyuNHuY.zip
1769705612	968	/Users/patch/vetro/lake_deploy_intake/source_exports/vetro_manual_batch2_2026-01-30/casco-rus-hood-plan-yXPecVDFZHqAEmhkw5y5B.zip
1769705603	943	/Users/patch/vetro/lake_deploy_intake/source_exports/vetro_manual_batch2_2026-01-30/canaan-rus-hood-plan-sxLCy-w--m0rkSikkzbBj.zip
1769705591	962	/Users/patch/vetro/lake_deploy_intake/source_exports/vetro_manual_batch2_2026-01-30/norridgewock-rus-hood-plan-zUYkFPjY7UKKS9QH-6_Yb.zip
1769705581	848	/Users/patch/vetro/lake_deploy_intake/source_exports/vetro_manual_batch2_2026-01-30/skowhegan-rus-hood-plan--Zgpud7TjAmQaLrNu2iFt.zip
1769705572	801	/Users/patch/vetro/lake_deploy_intake/source_exports/vetro_manual_batch2_2026-01-30/madison-rus-hood-plan-prKcCaNJyVJkM65yeGmtO.zip
1769705562	1064	/Users/patch/vetro/lake_deploy_intake/source_exports/vetro_manual_batch2_2026-01-30/route-4-rus-hood-plan-O_t9u7fB-bgN7K_e8obQO.zip
1769705553	999	/Users/patch/vetro/lake_deploy_intake/source_exports/vetro_manual_batch2_2026-01-30/deer-isle-fttx-backbone-plan-_unCn6WKSAQCPyNafpWvQ.zip
1769705543	868	/Users/patch/vetro/lake_deploy_intake/source_exports/vetro_manual_batch2_2026-01-30/rangeley-rus-hood-plan-ae5Mnr2SSC2aPGGeveOdu.zip
1769705533	825	/Users/patch/vetro/lake_deploy_intake/source_exports/vetro_manual_batch2_2026-01-30/stonington-all-premises-plan-BatwX_TO7Xc7APD1ALZFW.zip
1769705519	841	/Users/patch/vetro/lake_deploy_intake/source_exports/vetro_manual_batch2_2026-01-30/deer-isle-all-premises-plan-a3aO3HhrS85pSvGMAGnrJ.zip
1769705506	1875	/Users/patch/vetro/lake_deploy_intake/source_exports/vetro_manual_batch2_2026-01-30/south-paris-re-connect-locations-plan-Raxr7nqKu4vgzRThmHrWw.zip
1769705496	1878	/Users/patch/vetro/lake_deploy_intake/source_exports/vetro_manual_batch2_2026-01-30/west-paris-re-connect-locations-plan--xVkL0bKouXU80nZbCfd5.zip
1769705483	2010	/Users/patch/vetro/lake_deploy_intake/source_exports/vetro_manual_batch2_2026-01-30/turner-re-connect-locations-plan-tpRYj8hCDS_wJz1dkfRNc.zip
1769705455	965	/Users/patch/vetro/lake_deploy_intake/source_exports/vetro_manual_batch2_2026-01-30/penobscot-rfp-proposed-area-plan-OdASWhp1HvwV-gT75NwOd.zip
1769705444	929	/Users/patch/vetro/lake_deploy_intake/source_exports/vetro_manual_batch2_2026-01-30/hebron-re-connect-locations-plan-Tz1nJBDR7UaQVRx0DAizW.zip
1769612910	180973	/Users/patch/vetro/lake_deploy_intake/source_exports/downloads_scan_2026-01-30/gaiia_invoice2.pdf
1769612870	240578	/Users/patch/vetro/lake_deploy_intake/source_exports/downloads_scan_2026-01-30/gaiia_invoices.pdf
1769546520	228	/Users/patch/vetro/lake_deploy_intake/source_exports/downloads_scan_2026-01-30/vetro log in details.txt
1769536696	206315	/Users/patch/vetro/lake_deploy_intake/source_exports/downloads_scan_2026-01-30/notion MAC runbook.pdf
1769521222	15029	/Users/patch/vetro/lake_deploy_intake/source_exports/downloads_scan_2026-01-30/architecture_export_2026-01-27.md
1769436923	4611	/Users/patch/lake_deploy/external_sources/aws_local/vetro_export_stack.yaml
1769436404	4440	/Users/patch/lake_deploy/external_sources/aws_local/vetro_features_stack.yaml
1769141157	4358	/Users/patch/lake_deploy/automation/cf/vetro_export_stack.yaml
1769141157	1059	/Users/patch/lake_deploy/athena/curated/10_curated_vetro_rollup.sql
1769141157	380	/Users/patch/lake_deploy/athena/raw/02_raw_vetro_projection.sql
1769141157	387	/Users/patch/lake_deploy/athena/raw/01_raw_vetro_ddl.sql
1769128824	1640	/Users/patch/lake_deploy/runbooks/validate_vetro_export.sh
1769128824	1218	/Users/patch/lake_deploy/runbooks/deploy_vetro_export.sh
1769128824	1263	/Users/patch/lake_deploy/runbooks/deploy_vetro_export.md
1769114777	113509	/Users/patch/vetro/lake_deploy_intake/source_exports/downloads_scan_2026-01-30/data lake chat history 01222026.docx
1769038996	141978	/Users/patch/vetro/lake_deploy_intake/source_exports/downloads_scan_2026-01-30/data lake chat history 01212026.docx
1769026458	7313840	/Users/patch/vetro/lake_deploy_intake/source_exports/downloads_scan_2026-01-30/LC_Pipeline_2025V1.xlsx
1769013698	338	/Users/patch/lake_deploy/external_sources/curation/athena_ctas/curated_vetro_exports.sql
1769013670	313	/Users/patch/lake_deploy/external_sources/curation/athena_ddl/raw_vetro_exports.sql
1768849281	9456	/Users/patch/vetro/lake_deploy_intake/source_exports/downloads_scan_2026-01-30/architecture_export_2026-01-19.md
1768620303	15029	/Users/patch/vetro/lake_deploy_intake/source_exports/downloads_scan_2026-01-30/architecture_export_2026-01-17 (1).md
1768618896	9456	/Users/patch/vetro/lake_deploy_intake/source_exports/downloads_scan_2026-01-30/architecture_export_2026-01-17.md
1768572717	9456	/Users/patch/vetro/lake_deploy_intake/source_exports/downloads_scan_2026-01-30/architecture_export_2026-01-16.md
1768535215	47242	/Users/patch/vetro/lake_deploy_intake/source_exports/downloads_scan_2026-01-30/vetro_network_map_1768535215664.csv
1768533914	46616	/Users/patch/vetro/lake_deploy_intake/source_exports/downloads_scan_2026-01-30/vetro_network_map_1768533914995.csv
1768486862	9456	/Users/patch/vetro/lake_deploy_intake/source_exports/downloads_scan_2026-01-30/architecture_export_2026-01-15 (2).md
1768477107	9456	/Users/patch/vetro/lake_deploy_intake/source_exports/downloads_scan_2026-01-30/architecture_export_2026-01-15 (1).md
1768451537	9456	/Users/patch/vetro/lake_deploy_intake/source_exports/downloads_scan_2026-01-30/architecture_export_2026-01-15.md
1768415563	9456	/Users/patch/vetro/lake_deploy_intake/source_exports/downloads_scan_2026-01-30/architecture_export_2026-01-14.md
1768326988	934753	/Users/patch/vetro/lake_deploy_intake/source_exports/downloads_scan_2026-01-30/Vetro_Plans_list.docx
1768320903	17216	/Users/patch/vetro/lake_deploy_intake/source_exports/downloads_scan_2026-01-30/notion vetro fail.docx
1767973394	9456	/Users/patch/vetro/lake_deploy_intake/source_exports/downloads_scan_2026-01-30/architecture_export_2026-01-09.md
1767970961	666	/Users/patch/vetro/lake_deploy_intake/source_exports/downloads_scan_2026-01-30/schema.csv
1767806800	679986	/Users/patch/vetro/lake_deploy_intake/source_exports/downloads_scan_2026-01-30/manifest_local_20260107_112500.pdf
1767740869	29116	/Users/patch/vetro/lake_deploy_intake/source_exports/downloads_scan_2026-01-30/gaiia results Nano.docx
1767726442	7337630	/Users/patch/vetro/lake_deploy_intake/source_exports/downloads_scan_2026-01-30/LC_Pipeline_2025.12.04 MK NWFX Picks.xlsx
1767720527	84173609	/Users/patch/vetro/lake_deploy_intake/source_exports/downloads_scan_2026-01-30/GWI_Platt_MRR_Detail_FY2025_plat-sys-product-amount-invoicedate-invoicenumber (1).csv
1767718550	84173609	/Users/patch/vetro/lake_deploy_intake/source_exports/downloads_scan_2026-01-30/GWI_Platt_MRR_Detail_FY2025_plat-sys-product-amount-invoicedate-invoicenumber.csv
1767648219	50869	/Users/patch/vetro/lake_deploy_intake/source_exports/downloads_scan_2026-01-30/vetro developer details.docx
1767637886	21249	/Users/patch/vetro/lake_deploy_intake/source_exports/downloads_scan_2026-01-30/Vetro transcript.docx
1767375736	3	/Users/patch/vetro/lake_deploy_intake/source_exports/downloads_scan_2026-01-30/lc_pipeline__acquisition_opps__20250110.csv
1767375694	62821	/Users/patch/vetro/lake_deploy_intake/source_exports/downloads_scan_2026-01-30/lc_pipeline__pipeline_summary__20250110.csv
1767375672	625	/Users/patch/vetro/lake_deploy_intake/source_exports/downloads_scan_2026-01-30/lc_pipeline__funnel_summary__20250110.csv
1767375657	7318857	/Users/patch/vetro/lake_deploy_intake/source_exports/downloads_scan_2026-01-30/LC_Pipeline_2025.10.10.xlsx
1767373585	7329597	/Users/patch/vetro/lake_deploy_intake/source_exports/downloads_scan_2026-01-30/LC_Pipeline_2025.10.10__dup2.xlsx
1767367438	43469	/Users/patch/vetro/lake_deploy_intake/source_exports/downloads_scan_2026-01-30/Vetro filtered list.docx
1767367326	348197	/Users/patch/vetro/lake_deploy_intake/source_exports/downloads_scan_2026-01-30/Vetro Plasn list.docx
1767046669	162	/Users/patch/vetro/lake_deploy_intake/source_exports/downloads_scan_2026-01-30/~$se44 build schema.docx
1766507574	68456	/Users/patch/vetro/lake_deploy_intake/source_exports/downloads_scan_2026-01-30/Base44 build schema.docx
1766506608	532955	/Users/patch/vetro/lake_deploy_intake/source_exports/downloads_scan_2026-01-30/GWI Data Lake – Chat Archive 2025-12-23.docx
1766101817	13326	/Users/patch/vetro/lake_deploy_intake/source_exports/downloads_scan_2026-01-30/2025-11 – Lake-mapped export.csv
1765557632	35884	/Users/patch/vetro/lake_deploy_intake/source_exports/downloads_scan_2026-01-30/platt_gl_mapping_2025.csv
1765553182	190881	/Users/patch/vetro/lake_deploy_intake/source_exports/downloads_scan_2026-01-30/FWQ1 – Financial Model Schema.pdf
1765427448	388332	/Users/patch/vetro/lake_deploy_intake/source_exports/downloads_scan_2026-01-30/FWQ! runbook SOW.pdf
1765402816	290417	/Users/patch/vetro/lake_deploy_intake/source_exports/downloads_scan_2026-01-30/Data Lake Project – Sanity Check & Feature Dashboard.pdf
1765396398	1599527	/Users/patch/vetro/lake_deploy_intake/source_exports/downloads_scan_2026-01-30/Data Lake Project.pdf
1765327357	694122	/Users/patch/vetro/lake_deploy_intake/source_exports/downloads_scan_2026-01-30/data lake chat 12092025.docx
1765234800	2088	/Users/patch/vetro/lake_deploy_intake/source_exports/downloads_scan_2026-01-30/platt_mrr_movement_by_system_2025-11.csv
1765234680	1866	/Users/patch/vetro/lake_deploy_intake/source_exports/downloads_scan_2026-01-30/platt_mrr_movement_overall_trend_2023-12_to_2025-12.csv
1765234344	43585	/Users/patch/vetro/lake_deploy_intake/source_exports/downloads_scan_2026-01-30/platt_mrr_movement_by_system_2023-12_to_2025-12.csv
1764973980	862112	/Users/patch/vetro/lake_deploy_intake/source_exports/downloads_scan_2026-01-30/data lake history 12052025.docx
1764800066	739101	/Users/patch/vetro/lake_deploy_intake/source_exports/downloads_scan_2026-01-30/Data Lake Project new chat 12032025.docx
1764781844	11301	/Users/patch/vetro/lake_deploy_intake/source_exports/downloads_scan_2026-01-30/platt_gl_to_svc_reference.csv
1764781322	2399	/Users/patch/vetro/lake_deploy_intake/source_exports/downloads_scan_2026-01-30/table schema.csv
1764770924	147012	/Users/patch/vetro/lake_deploy_intake/source_exports/downloads_scan_2026-01-30/v6schema__dup2.pdf
1764614667	7233	/Users/patch/vetro/lake_deploy_intake/source_exports/downloads_scan_2026-01-30/platt_circuits_spectrum_typeii.csv
1764614127	10108	/Users/patch/vetro/lake_deploy_intake/source_exports/downloads_scan_2026-01-30/platt_circuits_resold_voice.csv
1764613437	20903	/Users/patch/vetro/lake_deploy_intake/source_exports/downloads_scan_2026-01-30/platt_circuits_adsl.csv
1764611661	15724	/Users/patch/vetro/lake_deploy_intake/source_exports/downloads_scan_2026-01-30/platt_circuits_fiber_nni.csv
1764345421	146857	/Users/patch/vetro/lake_deploy_intake/source_exports/downloads_scan_2026-01-30/Data Lake Project new chat 11252025.docx
1764001613	791660	/Users/patch/vetro/lake_deploy_intake/source_exports/downloads_scan_2026-01-30/data lake chat 2.docx
1763736692	45651	/Users/patch/vetro/lake_deploy_intake/source_exports/downloads_scan_2026-01-30/platt_services_fiber_crid_20251120.csv
1763736659	88420	/Users/patch/vetro/lake_deploy_intake/source_exports/downloads_scan_2026-01-30/platt_services_adsl_crid_20251120.csv
1763678967	9354	/Users/patch/vetro/lake_deploy_intake/source_exports/downloads_scan_2026-01-30/platt_services_pots_crid_20251120.csv
1763673433	11034	/Users/patch/vetro/lake_deploy_intake/source_exports/downloads_scan_2026-01-30/platt_dn_billing_last12m.csv
1762982818	147012	/Users/patch/vetro/lake_deploy_intake/source_exports/downloads_scan_2026-01-30/v6schema.pdf
1762982794	518015	/Users/patch/vetro/lake_deploy_intake/source_exports/downloads_scan_2026-01-30/Plat 7 Schema Details.xlsx
1762982458	6645	/Users/patch/vetro/lake_deploy_intake/source_exports/downloads_scan_2026-01-30/GWI Customer Data Classification & Architecture.xlsx